Suburb,Rooms,Type,Price,Distance,Bedroom2,Bathroom,Car,Landsize,BuildingArea,YearBuilt,Lattitude,Longtitude,PricePerSqFt
Airport West,3,t,840000,13.5,3,2,1.0,303,225.0,2016,-37.718,144.878,2772.2772277227723
Airport West,3,t,700000,13.5,3,2,2.0,239,134.0,2009,-37.7218,144.8837,2928.8702928870293
Airport West,2,t,450000,13.5,2,1,1.0,110,90.0,2015,-37.7216,144.871,4090.909090909091
Airport West,3,t,700000,13.5,3,2,2.0,165,133.0,2009,-37.727,144.887,4242.424242424242
Airport West,3,t,540000,13.5,2,2,1.0,161,101.0,2010,-37.7231,144.8802,3354.0372670807456
Airport West,3,t,825000,13.5,3,2,1.0,293,102.0,1960,-37.72,144.8776,2815.6996587030717
Albert Park,3,t,1550000,3.3,3,2,2.0,718,151.96764988779805,1964,-37.8443,144.9598,2158.774373259053
Alphington,2,t,805000,6.4,2,2,3.0,155,140.0,2004,-37.7804,145.0308,5193.548387096775
Altona,2,t,720000,13.8,2,1,2.0,292,125.0,2013,-37.8687,144.8197,2465.753424657534
Altona,3,t,800000,13.8,3,2,2.0,280,222.6,1997,-37.8734,144.8143,2857.1428571428573
Altona,3,t,705000,13.8,3,2,2.0,197,152.0,1965,-37.8579,144.8181,3578.680203045685
Altona,3,t,743000,13.8,3,2,2.0,211,176.0,1982,-37.8698,144.816,3521.3270142180095
Altona,3,t,605100,13.8,3,2,0.0,265,151.96764988779805,1964,-37.8583,144.8172,2283.396226415094
Altona North,2,t,421000,11.1,2,1,1.0,77,77.0,2009,-37.8351,144.8529,5467.532467532467
Altona North,2,t,640000,11.1,2,1,1.0,252,86.4,1965,-37.8397,144.8602,2539.6825396825398
Altona North,4,t,847500,11.1,4,3,1.0,252,151.96764988779805,1964,-37.8393,144.8568,3363.095238095238
Armadale,3,t,1205000,6.3,3,2,2.0,101,105.0,2000,-37.854,145.0135,11930.69306930693
Armadale,3,t,1586000,6.3,2,2,2.0,246,151.96764988779805,1964,-37.8566,145.0116,6447.154471544715
Armadale,3,t,1101000,6.3,3,1,2.0,103,3.0,2000,-37.8542,145.0135,10689.320388349515
Ascot Vale,2,t,865000,5.9,2,2,1.0,146,132.0,2015,-37.7713,144.9038,5924.657534246576
Ascot Vale,2,t,705000,5.9,2,2,1.0,113,335.4,1998,-37.7712,144.9088,6238.938053097345
Ascot Vale,3,t,1050000,5.9,3,2,2.0,318,160.0,2013,-37.7744,144.9035,3301.8867924528304
Ascot Vale,3,t,1000000,5.9,3,2,2.0,200,144.0,2003,-37.7766,144.9277,5000.0
Ashburton,3,t,955000,11.0,3,2,2.0,203,151.96764988779805,1964,-37.8655,145.0807,4704.433497536946
Ashburton,3,t,2050000,11.0,3,3,4.0,310,315.0,2014,-37.874,145.0714,6612.903225806452
Ashburton,3,t,968000,11.0,3,1,1.0,227,151.96764988779805,1964,-37.8709,145.0857,4264.31718061674
Ashburton,3,t,900000,11.0,3,2,2.0,153,110.0,1990,-37.8655,145.0808,5882.35294117647
Ashburton,4,t,1250000,11.0,4,2,2.0,321,199.0,2007,-37.8693,145.08,3894.080996884735
Ashburton,3,t,1710000,11.0,3,2,2.0,295,117.6,1990,-37.8624,145.0798,5796.610169491525
Ashwood,2,t,700000,12.2,2,1,2.0,367,110.0,1970,-37.8662,145.109,1907.3569482288829
Ashwood,3,t,900500,12.2,3,2,2.0,256,134.0,2012,-37.8655,145.1096,3517.578125
Ashwood,3,t,830000,12.2,2,1,2.0,212,130.0,2012,-37.8723,145.1089,3915.0943396226417
Avondale Heights,3,t,851000,10.5,3,3,1.0,557,181.0,2017,-37.77,144.8572,1527.8276481149012
Avondale Heights,3,t,880000,10.5,3,2,2.0,339,151.96764988779805,1964,-37.7519,144.8534,2595.8702064896756
Avondale Heights,2,t,585000,10.5,2,1,1.0,136,189.0,2012,-37.7623,144.8613,4301.470588235294
Avondale Heights,2,t,550000,10.5,2,1,2.0,158,184.4,1993,-37.7592,144.8681,3481.012658227848
Balaclava,2,t,1015000,6.6,2,1,2.0,114,120.0,2000,-37.8723,144.9961,8903.508771929824
Balwyn,2,t,1255000,9.7,2,1,1.0,208,129.0,2000,-37.8128,145.0975,6033.653846153846
Balwyn,2,t,760000,9.7,2,1,1.0,121,100.0,1960,-37.8112,145.0881,6280.99173553719
Balwyn,3,t,1367000,9.7,3,2,2.0,219,164.0,2003,-37.8125,145.0849,6242.009132420091
Balwyn,4,t,1400000,9.7,4,3,2.0,241,240.0,2009,-37.8042,145.1042,5809.128630705394
Balwyn,2,t,700000,9.7,2,1,1.0,104,151.96764988779805,1964,-37.8061,145.0878,6730.7692307692305
Balwyn,3,t,1472000,9.7,3,2,2.0,306,170.0,1995,-37.8106,145.0848,4810.4575163398695
Balwyn,3,t,1385000,9.7,3,2,2.0,190,151.96764988779805,1964,-37.8164,145.0846,7289.473684210527
Balwyn,3,t,1100000,9.7,3,2,1.0,259,126.6,1940,-37.8161,145.0809,4247.104247104247
Balwyn North,3,t,1315000,9.2,3,2,2.0,260,167.0,2000,-37.7966,145.1021,5057.692307692308
Balwyn North,3,t,1150000,9.2,3,2,1.0,207,144.0,2003,-37.7893,145.092,5555.555555555556
Balwyn North,4,t,1400000,9.2,4,2,1.0,283,151.96764988779805,1964,-37.7982,145.0688,4946.9964664310955
Balwyn North,2,t,860000,9.2,2,2,2.0,204,151.96764988779805,1964,-37.8008,145.104,4215.686274509804
Balwyn North,4,t,1680000,9.2,4,3,1.0,362,200.0,2014,-37.7987,145.0788,4640.883977900552
Balwyn North,3,t,1137000,9.2,3,2,2.0,349,151.96764988779805,1964,-37.7955,145.0694,3257.8796561604586
Balwyn North,3,t,1238000,9.2,3,2,2.0,186,237.4,2010,-37.8028,145.0828,6655.913978494624
Bentleigh,3,t,895000,13.0,3,2,2.0,362,222.6,1997,-37.9336,145.043,2472.3756906077347
Bentleigh,2,t,851000,13.0,2,1,1.0,140,250.0,1970,-37.9204,145.0443,6078.571428571428
Bentleigh,3,t,900000,13.0,3,2,1.0,418,173.8,1925,-37.9172,145.0421,2153.1100478468898
Bentleigh,4,t,1435000,13.0,3,3,2.0,291,212.0,2012,-37.9278,145.0337,4931.27147766323
Bentleigh,4,t,1155000,13.0,4,3,2.0,271,205.0,2010,-37.9252,145.0494,4261.992619926199
Bentleigh,3,t,1100000,13.0,3,2,2.0,333,151.96764988779805,1964,-37.9292,145.0341,3303.3033033033034
Bentleigh,4,t,1247000,13.0,4,2,3.0,354,255.0,2008,-37.9326,145.0441,3522.598870056497
Bentleigh,3,t,1275000,13.0,3,2,2.0,309,151.96764988779805,1964,-37.9287,145.0461,4126.21359223301
Bentleigh,3,t,825000,13.0,3,2,2.0,147,149.0,2007,-37.9317,145.0352,5612.244897959184
Bentleigh,2,t,670000,13.0,2,2,1.0,123,90.0,2007,-37.9307,145.0379,5447.154471544715
Bentleigh,2,t,680000,13.0,2,1,1.0,83,107.0,1998,-37.9259,145.0341,8192.77108433735
Bentleigh,4,t,1320000,13.0,4,3,3.0,346,220.0,2010,-37.9294,145.041,3815.0289017341042
Bentleigh,4,t,1245000,13.0,4,2,2.0,345,151.96764988779805,1964,-37.9291,145.0491,3608.695652173913
Bentleigh East,3,t,760000,13.9,3,1,2.0,287,151.96764988779805,1964,-37.9261,145.0566,2648.0836236933796
Bentleigh East,3,t,1115000,13.9,3,2,2.0,297,151.96764988779805,1964,-37.9135,145.0774,3754.2087542087543
Bentleigh East,3,t,830000,13.9,0,2,2.0,292,141.0,2012,-37.9168,145.069,2842.4657534246576
Bentleigh East,4,t,1210000,13.9,3,3,2.0,291,222.0,2014,-37.9347,145.0546,4158.07560137457
Bentleigh East,4,t,1160000,13.9,3,2,2.0,321,180.0,2006,-37.914,145.0714,3613.707165109034
Bentleigh East,3,t,800000,13.9,3,2,1.0,353,151.96764988779805,1964,-37.9262,145.055,2266.28895184136
Bentleigh East,4,t,1185000,13.9,4,2,2.0,305,207.0,2012,-37.9245,145.0507,3885.245901639344
Bentleigh East,4,t,1060000,13.9,4,3,1.0,313,166.0,1960,-37.9164,145.0765,3386.5814696485622
Bentleigh East,3,t,860000,13.9,3,2,1.0,254,117.0,1995,-37.9227,145.0558,3385.8267716535433
Bentleigh East,3,t,921000,13.9,3,2,2.0,167,140.0,2009,-37.9219,145.0733,5514.970059880239
Bentleigh East,3,t,805000,13.9,3,2,1.0,268,117.0,2000,-37.9196,145.0691,3003.731343283582
Bentleigh East,3,t,920000,13.9,3,2,1.0,343,151.96764988779805,1964,-37.9112,145.0738,2682.2157434402334
Bentleigh East,4,t,1005000,13.9,4,2,2.0,296,205.0,2006,-37.9197,145.057,3395.2702702702704
Bentleigh East,4,t,1250000,13.9,4,2,2.0,314,231.0,2010,-37.9299,145.0598,3980.891719745223
Bentleigh East,3,t,825000,13.9,3,1,1.0,642,151.96764988779805,1964,-37.9269,145.0787,1285.0467289719627
Bentleigh East,3,t,1030000,13.9,3,2,2.0,327,151.96764988779805,1964,-37.9195,145.0555,3149.847094801223
Bentleigh East,3,t,970000,13.9,3,2,2.0,267,156.0,2000,-37.9176,145.0566,3632.9588014981273
Bentleigh East,3,t,1240000,13.9,3,2,2.0,518,151.96764988779805,1964,-37.9316,145.0542,2393.8223938223937
Bentleigh East,4,t,950000,13.9,4,2,1.0,450,126.6,1940,-37.9133,145.0837,2111.1111111111113
Bentleigh East,4,t,1045000,13.9,4,2,1.0,316,190.0,2010,-37.9198,145.0789,3306.9620253164558
Bentleigh East,4,t,1465000,13.9,3,2,2.0,319,256.0,2015,-37.9256,145.0533,4592.476489028213
Bentleigh East,3,t,935000,13.9,3,2,2.0,230,160.0,2012,-37.9179,145.0592,4065.217391304348
Bentleigh East,3,t,965000,13.9,3,2,1.0,283,28.0,2010,-37.9142,145.08,3409.893992932862
Bentleigh East,3,t,700000,13.9,3,2,2.0,194,200.0,2008,-37.9272,145.0801,3608.2474226804125
Bentleigh East,4,t,1325000,13.9,4,4,2.0,363,265.0,2012,-37.9116,145.0686,3650.137741046832
Bentleigh East,3,t,860000,13.9,3,2,1.0,210,131.0,2005,-37.9075,145.061,4095.2380952380954
Bentleigh East,3,t,882000,13.9,3,2,2.0,208,151.96764988779805,1964,-37.9108,145.0794,4240.384615384615
Bentleigh East,3,t,840000,13.9,3,2,2.0,222,151.96764988779805,1964,-37.9241,145.0668,3783.7837837837837
Bentleigh East,3,t,670000,13.9,3,1,2.0,233,151.96764988779805,1964,-37.9376,145.0784,2875.536480686695
Bentleigh East,4,t,1120000,13.9,3,2,2.0,209,151.96764988779805,1964,-37.9213,145.0565,5358.851674641149
Bentleigh East,3,t,970000,13.9,3,2,2.0,321,151.96764988779805,1964,-37.9181,145.0586,3021.8068535825546
Bentleigh East,3,t,787500,13.9,3,2,1.0,300,151.96764988779805,1964,-37.9189,145.0584,2625.0
Bentleigh East,3,t,780000,13.9,3,2,1.0,209,151.96764988779805,1964,-37.9131,145.07,3732.0574162679427
Box Hill,4,t,975000,13.1,4,2,2.0,299,158.0,2008,-37.8282,145.1301,3260.8695652173915
Box Hill,3,t,750000,13.1,3,2,1.0,150,3.0,2000,-37.8287,145.1319,5000.0
Box Hill,3,t,822500,13.1,3,2,1.0,238,130.0,2000,-37.8154,145.1355,3455.8823529411766
Braybrook,3,t,502000,10.8,3,1,1.0,220,106.0,2011,-37.785,144.8561,2281.818181818182
Braybrook,3,t,579000,10.8,3,2,1.0,198,144.0,2013,-37.7827,144.8625,2924.242424242424
Braybrook,2,t,475000,10.8,2,1,1.0,115,104.0,1980,-37.7948,144.854,4130.434782608696
Braybrook,3,t,505000,10.8,3,2,2.0,4931,151.96764988779805,1964,-37.7761,144.8557,102.41330358953559
Brighton,3,t,1725000,11.2,3,2,2.0,411,225.0,1997,-37.918,145.0035,4197.080291970803
Brighton,3,t,1750000,11.2,3,2,2.0,352,151.96764988779805,1964,-37.9139,145.0035,4971.590909090909
Brighton,3,t,1475000,11.2,3,2,2.0,345,163.0,2000,-37.8943,144.9907,4275.36231884058
Brighton,2,t,960000,11.2,2,1,2.0,363,151.96764988779805,1964,-37.9275,145.0046,2644.628099173554
Brighton,3,t,1962000,11.2,3,2,2.0,323,171.774,1995,-37.9208,144.9996,6074.303405572756
Brighton,3,t,1762000,11.2,3,2,2.0,483,151.96764988779805,1964,-37.9075,145.0064,3648.033126293996
Brighton,3,t,1427000,11.2,3,2,1.0,313,151.96764988779805,1964,-37.9206,145.0,4559.105431309904
Brighton,3,t,2517500,11.2,3,3,2.0,311,151.96764988779805,1964,-37.9148,145.0009,8094.855305466238
Brighton,2,t,1230000,11.2,2,2,2.0,201,151.96764988779805,1964,-37.905,144.9959,6119.4029850746265
Brighton,2,t,1037000,11.2,2,1,2.0,125,2.0,2009,-37.9078,145.0051,8296.0
Brighton,4,t,1630000,11.2,4,2,2.0,432,196.0,2000,-37.9228,145.0022,3773.1481481481483
Brighton,4,t,2250000,11.2,4,2,2.0,230,281.0,2012,-37.9237,145.0056,9782.608695652174
Brighton,3,t,1425000,11.2,3,2,2.0,495,151.96764988779805,1964,-37.9049,145.0069,2878.787878787879
Brighton,2,t,1400000,11.2,2,2,1.0,267,151.96764988779805,1964,-37.9159,144.9933,5243.445692883895
Brighton East,3,t,1302500,10.7,3,2,2.0,391,151.96764988779805,1964,-37.9179,145.0091,3331.202046035806
Brighton East,3,t,870000,10.7,3,2,2.0,158,151.96764988779805,1964,-37.9271,145.0281,5506.329113924051
Brighton East,4,t,1100000,10.7,4,3,2.0,302,151.96764988779805,1964,-37.9317,145.0294,3642.384105960265
Brighton East,4,t,2570000,10.7,4,3,2.0,898,151.96764988779805,1964,-37.9176,145.0087,2861.915367483296
Brighton East,3,t,1300000,10.7,3,2,2.0,337,222.0,2000,-37.9196,145.0205,3857.566765578635
Brighton East,1,t,681000,10.7,2,1,1.0,166,60.0,2012,-37.9159,145.019,4102.409638554217
Brighton East,3,t,1511000,10.7,2,2,2.0,496,151.96764988779805,1964,-37.9237,145.0075,3046.3709677419356
Brighton East,4,t,1367000,10.7,4,2,2.0,315,4.0,2000,-37.9078,145.0222,4339.68253968254
Brighton East,3,t,1230000,10.7,3,2,2.0,297,193.0,1980,-37.9124,145.0132,4141.414141414141
Brighton East,3,t,1420000,10.7,3,2,2.0,247,151.96764988779805,1964,-37.9241,145.0108,5748.987854251012
Brighton East,2,t,1014000,10.7,2,1,1.0,267,131.0,1990,-37.9055,145.0173,3797.752808988764
Brunswick,4,t,860000,5.2,4,2,1.0,95,97.0,1955,-37.7772,144.9653,9052.631578947368
Brunswick,3,t,940000,5.2,3,2,1.0,186,140.0,2016,-37.7581,144.9514,5053.763440860215
Brunswick,2,t,750000,5.2,2,2,1.0,118,88.0,2013,-37.7723,144.9643,6355.932203389831
Brunswick,2,t,620000,5.2,2,2,1.0,72,2.0,1968,-37.7609,144.969,8611.111111111111
Brunswick,3,t,955000,5.2,3,2,2.0,327,110.0,2007,-37.7636,144.9559,2920.489296636086
Brunswick,1,t,625000,5.2,1,1,1.0,82,114.0,1930,-37.7661,144.9614,7621.951219512195
Brunswick,3,t,815000,5.2,3,2,1.0,99,142.0,1972,-37.769,144.953,8232.323232323231
Brunswick,2,t,754000,5.2,2,2,1.0,177,105.0,2000,-37.7625,144.9653,4259.887005649717
Brunswick,2,t,801000,5.2,2,2,1.0,156,87.0,2007,-37.7744,144.9498,5134.615384615385
Brunswick,3,t,820000,5.2,3,2,2.0,4668,126.0,2011,-37.7687,144.9649,175.66409597257928
Brunswick,3,t,640000,5.2,3,2,1.0,110,118.0,2000,-37.7776,144.9691,5818.181818181818
Brunswick,3,t,705000,5.2,2,1,1.0,55,111.0,2012,-37.7611,144.9622,12818.181818181818
Brunswick West,3,t,797500,5.9,3,2,2.0,262,155.0,2010,-37.7519,144.9324,3043.8931297709923
Brunswick West,2,t,735000,5.9,2,1,2.0,120,109.0,2004,-37.7659,144.9487,6125.0
Brunswick West,3,t,815000,5.9,3,1,2.0,157,123.0,1999,-37.7652,144.9454,5191.08280254777
Brunswick West,2,t,598000,5.9,2,1,1.0,69,178.4,2009,-37.766,144.9439,8666.666666666666
Bulleen,3,t,975000,11.8,3,2,2.0,632,226.0,2013,-37.7813,145.102,1542.7215189873418
Bulleen,3,t,1250000,11.8,3,2,2.0,315,70.0,1960,-37.7607,145.0853,3968.253968253968
Burwood,3,t,780000,11.7,3,2,2.0,160,151.96764988779805,1964,-37.8525,145.0973,4875.0
Burwood,3,t,752000,11.7,4,2,2.0,217,184.4,1993,-37.8522,145.1312,3465.4377880184334
Burwood,3,t,745000,11.7,3,1,2.0,228,126.0,1998,-37.8521,145.1187,3267.5438596491226
Burwood,3,t,1145000,11.7,3,2,2.0,329,151.96764988779805,1964,-37.8484,145.1013,3480.243161094225
Burwood,4,t,1270000,11.7,4,2,2.0,399,212.0,2005,-37.8597,145.1084,3182.9573934837094
Burwood,4,t,900000,11.7,4,3,2.0,381,176.0,2013,-37.8459,145.1041,2362.2047244094488
Burwood,3,t,702000,11.7,3,2,1.0,170,106.0,2001,-37.8554,145.1089,4129.411764705882
Camberwell,3,t,1615000,7.8,3,1,2.0,389,151.96764988779805,1964,-37.8435,145.0695,4151.670951156812
Camberwell,3,t,1300000,7.8,3,2,2.0,342,151.96764988779805,1964,-37.8433,145.0695,3801.1695906432747
Camberwell,2,t,900400,7.8,2,1,1.0,93,111.0,1975,-37.8314,145.0611,9681.720430107527
Camberwell,3,t,1250000,7.8,3,2,2.0,232,151.96764988779805,1964,-37.842,145.0542,5387.931034482759
Camberwell,3,t,930000,7.8,3,2,2.0,132,76.8,1970,-37.8489,145.088,7045.454545454545
Camberwell,3,t,1515000,7.8,3,2,2.0,318,151.96764988779805,1964,-37.8447,145.0916,4764.1509433962265
Camberwell,3,t,1625000,7.8,3,2,2.0,283,160.0,1990,-37.8362,145.064,5742.049469964664
Camberwell,2,t,775000,7.8,2,2,1.0,103,151.96764988779805,1964,-37.8406,145.0545,7524.271844660194
Canterbury,4,t,1550000,9.0,4,2,4.0,318,232.0,1947,-37.822,145.0864,4874.213836477988
Canterbury,3,t,1680000,9.0,3,2,2.0,387,151.96764988779805,1964,-37.8227,145.0845,4341.085271317829
Canterbury,4,t,1742000,9.0,4,2,2.0,780,151.96764988779805,1964,-37.8206,145.0678,2233.3333333333335
Canterbury,4,t,1420000,9.0,3,2,2.0,278,151.96764988779805,1964,-37.8273,145.0752,5107.913669064748
Carlton North,2,t,765000,3.2,2,1,1.0,1031,76.8,1970,-37.784,144.9715,741.9980601357905
Carnegie,2,t,795000,11.4,2,2,1.0,133,104.0,2009,-37.8911,145.0539,5977.443609022556
Carnegie,3,t,860000,11.4,3,2,1.0,1113,113.0,1990,-37.8972,145.0642,772.6864330637916
Carnegie,2,t,700000,11.4,2,2,1.0,106,151.96764988779805,1964,-37.8881,145.0535,6603.773584905661
Carnegie,2,t,930000,11.4,2,2,1.0,166,170.0,2009,-37.8982,145.0488,5602.409638554217
Carnegie,2,t,707000,11.4,2,1,1.0,144,96.0,2000,-37.892,145.0482,4909.722222222223
Carnegie,3,t,970000,11.4,3,2,2.0,325,223.0,2005,-37.8933,145.0546,2984.6153846153848
Carnegie,2,t,855000,11.4,2,1,1.0,158,106.0,1994,-37.8886,145.052,5411.392405063291
Carnegie,4,t,1100000,11.4,4,3,2.0,305,221.6,1996,-37.8978,145.0506,3606.55737704918
Carnegie,3,t,808000,11.4,3,1,1.0,111,116.0,1998,-37.8889,145.0495,7279.279279279279
Carnegie,3,t,860000,11.4,3,1,2.0,277,135.0,1978,-37.8978,145.0624,3104.693140794224
other,4,t,1600000,8.9,4,3,2.0,812,151.96764988779805,1964,-37.8864,145.0326,1970.4433497536945
Caulfield South,4,t,1030000,9.3,4,2,2.0,216,165.0,1995,-37.8887,145.0318,4768.518518518518
Caulfield South,4,t,1410000,9.3,4,2,3.0,342,181.0,2005,-37.8957,145.0196,4122.80701754386
Chadstone,3,t,752000,13.6,3,2,1.0,182,151.96764988779805,1964,-37.8786,145.1015,4131.868131868132
Chadstone,3,t,865000,13.6,3,2,2.0,277,143.0,2010,-37.8796,145.1044,3122.7436823104695
Chadstone,4,t,1042500,13.6,4,3,2.0,209,160.0,2016,-37.8805,145.105,4988.0382775119615
Chadstone,4,t,965000,13.6,4,3,2.0,273,182.0,2012,-37.8742,145.105,3534.798534798535
Chadstone,3,t,845000,13.6,3,2,1.0,177,111.0,2012,-37.8824,145.1042,4774.011299435028
Chadstone,4,t,881000,13.6,3,2,1.0,188,137.0,2014,-37.8781,145.0955,4686.170212765957
Clifton Hill,3,t,930000,3.4,3,2,1.0,124,116.0,2000,-37.7934,144.9923,7500.0
Clifton Hill,3,t,825000,3.4,3,3,1.0,67,119.0,2010,-37.7946,144.9989,12313.432835820895
Coburg,3,t,865000,7.8,3,2,2.0,263,177.4,2008,-37.7546,144.9713,3288.9733840304184
Coburg,3,t,740000,7.8,3,2,1.0,255,164.0,2014,-37.7546,144.9713,2901.9607843137255
Coburg,2,t,610000,7.8,2,2,1.0,114,151.96764988779805,1964,-37.7466,144.9482,5350.877192982456
Coburg,3,t,640000,7.8,3,1,2.0,119,109.0,1995,-37.7403,144.9491,5378.151260504202
Coburg,2,t,657000,7.8,2,1,2.0,138,151.96764988779805,1964,-37.7427,144.9711,4760.869565217391
Coburg,2,t,635000,7.8,2,1,1.0,97,95.0,2014,-37.7516,144.9623,6546.3917525773195
Coburg,2,t,598000,7.8,2,1,1.0,108,100.0,2007,-37.7379,144.9617,5537.037037037037
Coburg,2,t,599000,7.8,2,2,1.0,76,151.96764988779805,1964,-37.7474,144.9621,7881.578947368421
Coburg,3,t,600000,7.8,3,1,1.0,102,95.0,1976,-37.736,144.9665,5882.35294117647
Coburg,3,t,687000,7.8,3,1,1.0,116,140.0,1995,-37.7454,144.9487,5922.413793103448
Coburg,3,t,810000,7.8,3,2,1.0,213,131.0,2010,-37.7461,144.9584,3802.8169014084506
Coburg North,3,t,631000,9.2,3,1,1.0,178,120.0,2012,-37.7297,144.9645,3544.9438202247193
Coburg North,2,t,600000,9.2,2,1,1.0,145,105.0,2010,-37.7295,144.9641,4137.931034482759
Coburg North,2,t,570000,9.2,2,2,2.0,186,151.96764988779805,1964,-37.7263,144.9843,3064.516129032258
Collingwood,2,t,750000,1.6,2,1,1.0,115,151.96764988779805,1964,-37.7968,144.9891,6521.739130434783
Collingwood,3,t,910000,1.6,3,1,1.0,171,151.96764988779805,1964,-37.8006,144.9925,5321.637426900585
Collingwood,3,t,897500,1.6,3,2,1.0,82,82.0,1995,-37.7961,144.9873,10945.121951219513
Collingwood,3,t,887500,1.6,3,2,1.0,81,82.0,2000,-37.7961,144.9874,10956.79012345679
Doncaster,4,t,855000,13.9,4,2,2.0,242,151.96764988779805,1964,-37.7915,145.1258,3533.0578512396696
Doncaster,3,t,746000,13.9,3,2,2.0,118,106.0,2013,-37.7863,145.106,6322.033898305085
Doncaster,4,t,985000,13.9,4,2,2.0,182,160.0,1998,-37.7888,145.138,5412.087912087912
Doncaster,4,t,1350000,13.9,4,3,2.0,711,70.0,1960,-37.7887,145.1086,1898.73417721519
Doncaster,3,t,1102200,13.9,3,2,2.0,233,175.0,2012,-37.7881,145.1371,4730.472103004292
Doncaster,4,t,973500,13.9,4,2,2.0,234,160.0,2009,-37.7932,145.1275,4160.25641025641
Doncaster,3,t,888000,13.9,3,2,1.0,192,151.96764988779805,1964,-37.7942,145.1256,4625.0
Elsternwick,3,t,820000,8.5,3,2,2.0,108,3.0,2002,-37.8858,145.0012,7592.592592592592
Elsternwick,3,t,1071000,8.5,3,2,2.0,179,125.0,2000,-37.8961,145.0125,5983.2402234636875
Elsternwick,3,t,850000,8.5,3,2,2.0,108,142.0,2000,-37.8861,145.0014,7870.37037037037
Elwood,3,t,1350000,7.7,3,2,2.0,1170,151.96764988779805,1964,-37.8831,144.9801,1153.8461538461538
Elwood,3,t,1395000,7.7,3,2,1.0,400,126.0,1996,-37.8829,144.9797,3487.5
Elwood,3,t,920000,7.7,3,2,2.0,758,18.0,2010,-37.8768,144.9845,1213.7203166226914
Essendon,2,t,595000,8.0,2,1,2.0,752,89.0,1990,-37.7553,144.9302,791.2234042553191
Essendon,4,t,1250000,8.0,3,3,2.0,374,267.0,2015,-37.7507,144.8911,3342.2459893048126
Essendon,3,t,650000,8.0,3,2,1.0,160,129.0,1985,-37.7403,144.8989,4062.5
Essendon,3,t,1000000,8.0,3,2,1.0,291,224.0,2013,-37.7499,144.8927,3436.426116838488
Essendon,3,t,720000,8.0,3,1,2.0,190,142.0,1999,-37.7418,144.8918,3789.4736842105262
Essendon,3,t,750000,8.0,3,1,1.0,253,145.0,1997,-37.7397,144.898,2964.4268774703555
Essendon,3,t,935000,8.0,3,2,2.0,247,151.96764988779805,1964,-37.7462,144.8949,3785.425101214575
Fairfield,3,t,846000,5.8,3,1,1.0,185,107.0,1990,-37.7665,145.0175,4572.972972972973
Fairfield,2,t,805000,5.8,2,1,1.0,140,2.0,2008,-37.7697,145.0203,5750.0
Fitzroy North,2,t,930000,3.5,2,3,0.0,2778,3558.0,1936,-37.7903,144.9859,334.7732181425486
Fitzroy North,3,t,1015000,3.5,3,2,1.0,112,145.0,2000,-37.7912,144.9825,9062.5
Fitzroy North,3,t,1600000,3.5,3,3,1.0,188,129.0,2000,-37.7829,144.9788,8510.63829787234
Fitzroy North,4,t,1700000,3.5,4,3,2.0,127,209.0,2008,-37.7855,144.9789,13385.826771653543
Fitzroy North,3,t,1080000,3.5,3,2,1.0,77,133.0,2016,-37.7923,144.9776,14025.974025974027
Footscray,3,t,585000,6.4,3,1,1.0,259,151.96764988779805,1964,-37.7955,144.9063,2258.6872586872587
Footscray,4,t,841000,6.4,4,2,2.0,250,160.0,2000,-37.7959,144.8989,3364.0
Footscray,2,t,480000,6.4,2,1,1.0,556,75.0,2010,-37.7919,144.8854,863.3093525179856
Footscray,3,t,714000,6.4,3,2,2.0,164,3.0,2008,-37.7948,144.8868,4353.658536585366
Footscray,2,t,560000,6.4,2,1,1.0,111,151.96764988779805,1964,-37.7969,144.8852,5045.045045045045
Footscray,2,t,410000,6.4,2,2,1.0,65,80.0,2014,-37.7881,144.8838,6307.692307692308
Footscray,3,t,820000,6.4,3,2,1.0,122,151.96764988779805,1964,-37.8021,144.8976,6721.311475409836
Footscray,3,t,699000,6.4,3,1,1.0,125,113.0,2000,-37.7922,144.8831,5592.0
Footscray,3,t,735000,6.4,3,2,2.0,112,168.0,2010,-37.8001,144.8797,6562.5
Footscray,3,t,757000,6.4,3,2,2.0,102,102.0,2011,-37.7987,144.8807,7421.568627450981
Glen Iris,3,t,1625000,9.2,3,2,2.0,365,151.96764988779805,1964,-37.8526,145.0853,4452.054794520548
Glen Iris,1,t,345000,9.2,1,1,1.0,745,44.0,1970,-37.8505,145.0459,463.0872483221477
Glen Iris,2,t,585000,9.2,2,1,1.0,84,84.0,1960,-37.8517,145.0796,6964.285714285715
Glen Iris,3,t,1220000,9.2,3,2,2.0,278,155.8,1999,-37.8574,145.0496,4388.489208633094
Glen Iris,4,t,1350000,9.2,3,2,2.0,342,151.96764988779805,1964,-37.8622,145.0634,3947.3684210526317
Glen Iris,3,t,1200000,9.2,3,2,2.0,541,151.96764988779805,1964,-37.8628,145.0486,2218.1146025878
Glenroy,3,t,555000,13.0,3,2,2.0,244,3.0,2003,-37.6969,144.9299,2274.590163934426
Glenroy,3,t,370000,13.0,3,2,1.0,259,126.2,2003,-37.6977,144.9149,1428.5714285714287
Glenroy,3,t,545000,13.0,3,2,1.0,136,130.0,2014,-37.7112,144.9142,4007.3529411764707
Glenroy,3,t,460000,13.0,3,1,1.0,325,106.0,1970,-37.7001,144.9291,1415.3846153846155
Glenroy,4,t,608000,13.0,3,2,1.0,252,150.0,2014,-37.7006,144.9299,2412.6984126984125
Glenroy,2,t,434500,13.0,2,1,1.0,125,115.4,1975,-37.7042,144.9211,3476.0
Glenroy,2,t,420000,13.0,2,1,1.0,307,151.96764988779805,1964,-37.7117,144.9348,1368.0781758957655
Glenroy,3,t,550000,13.0,3,2,2.0,212,129.0,2010,-37.7073,144.9277,2594.3396226415093
Glenroy,2,t,488500,13.0,2,2,1.0,190,2.0,1968,-37.7072,144.9241,2571.0526315789475
Glenroy,3,t,600000,13.0,3,1,2.0,258,143.0,2001,-37.7047,144.9087,2325.5813953488373
Glenroy,3,t,440000,13.0,3,2,1.0,215,121.0,2010,-37.6952,144.9256,2046.5116279069769
Gowanbrae,3,t,532000,13.6,3,2,1.0,149,19.0,2005,-37.7068,144.8963,3570.469798657718
Gowanbrae,3,t,468000,13.6,3,2,2.0,178,138.0,2000,-37.7087,144.8962,2629.2134831460676
Hadfield,3,t,750000,12.1,3,2,2.0,301,251.0,2011,-37.715,144.9475,2491.6943521594685
Hadfield,3,t,510000,12.1,3,2,2.0,234,115.0,2012,-37.707,144.9411,2179.4871794871797
Hadfield,2,t,468000,12.1,2,1,1.0,137,110.0,2012,-37.707,144.9413,3416.058394160584
Hampton,3,t,2200000,13.7,3,2,3.0,1402,151.96764988779805,1964,-37.9347,144.9963,1569.1868758915834
Hampton,4,t,1500000,13.7,4,1,1.0,692,151.96764988779805,1964,-37.9386,145.0055,2167.6300578034684
Hampton,2,t,890000,13.7,1,2,2.0,181,151.96764988779805,1964,-37.9433,145.019,4917.1270718232045
Hampton,3,t,1400000,13.7,3,2,1.0,211,104.6,2000,-37.9427,145.0084,6635.071090047393
Hampton,3,t,1100000,13.7,3,2,1.0,355,140.0,1987,-37.9391,145.012,3098.5915492957747
Hampton,3,t,1140000,13.7,3,2,2.0,224,155.8,1999,-37.9336,144.997,5089.285714285715
Hampton East,3,t,1020000,14.5,2,2,2.0,221,171.0,1938,-37.9355,145.0257,4615.384615384615
Hawthorn,3,t,1400000,4.6,3,2,2.0,299,70.0,1960,-37.8299,145.0387,4682.274247491639
Hawthorn,2,t,1055000,4.6,2,2,1.0,191,151.0,1975,-37.813,145.0167,5523.560209424084
Heidelberg Heights,2,t,565000,10.5,2,2,1.0,201,107.0,2007,-37.7426,145.0556,2810.945273631841
Heidelberg Heights,3,t,620000,10.5,3,2,2.0,215,118.0,2005,-37.7424,145.0519,2883.720930232558
Heidelberg Heights,3,t,706750,10.5,3,2,2.0,250,125.0,2012,-37.7449,145.0523,2827.0
Heidelberg West,2,t,370000,9.4,2,1,1.0,100,90.0,2013,-37.7383,145.036,3700.0
Hughesdale,3,t,828000,13.0,3,2,1.0,206,118.0,2002,-37.8966,145.0863,4019.4174757281553
Hughesdale,3,t,900000,13.0,3,2,1.0,360,154.0,1975,-37.8937,145.0779,2500.0
Ivanhoe,3,t,962000,7.9,3,2,1.0,108,151.96764988779805,1964,-37.7668,145.0434,8907.407407407407
Ivanhoe,3,t,890000,7.9,3,2,2.0,249,140.0,2005,-37.766,145.0345,3574.29718875502
Ivanhoe,3,t,1010000,7.9,3,2,2.0,314,126.2,2003,-37.7554,145.0516,3216.56050955414
Ivanhoe,2,t,610000,7.9,2,1,1.0,277,151.96764988779805,1964,-37.7577,145.0358,2202.1660649819496
Ivanhoe,3,t,750000,7.9,3,1,1.0,110,117.6,1990,-37.765,145.0407,6818.181818181818
Ivanhoe,2,t,779000,7.9,3,1,2.0,152,76.8,1970,-37.7635,145.0464,5125.0
Ivanhoe,2,t,785000,7.9,2,2,1.0,124,135.0,2010,-37.7618,145.0287,6330.645161290323
Ivanhoe,3,t,700000,7.9,3,2,1.0,189,110.0,1990,-37.7661,145.0354,3703.703703703704
Ivanhoe,3,t,550000,7.9,3,1,1.0,139,76.8,1970,-37.757,145.0382,3956.834532374101
Ivanhoe,2,t,710000,7.9,2,1,1.0,134,120.0,2012,-37.7582,145.034,5298.507462686567
Keilor East,3,t,770000,12.8,3,2,1.0,331,201.0,2010,-37.7325,144.8621,2326.283987915408
Keilor East,3,t,480000,12.8,3,2,1.0,184,189.0,2012,-37.7424,144.8639,2608.695652173913
Keilor East,3,t,785000,12.8,3,2,2.0,610,151.96764988779805,1964,-37.7504,144.8645,1286.8852459016393
Keilor East,4,t,886000,12.8,4,3,1.0,322,257.0,1950,-37.7293,144.8659,2751.552795031056
Keilor East,2,t,520000,12.8,2,2,2.0,54,151.96764988779805,1964,-37.7384,144.8768,9629.62962962963
Keilor East,3,t,705000,12.8,3,2,1.0,440,156.0,1995,-37.7517,144.8776,1602.2727272727273
Keilor East,3,t,680000,12.8,3,2,2.0,224,154.0,1998,-37.749,144.8599,3035.714285714286
Keilor East,4,t,807000,12.8,4,2,2.0,319,151.96764988779805,1964,-37.7393,144.8648,2529.780564263323
Keilor East,3,t,660000,12.8,3,2,1.0,265,151.96764988779805,1964,-37.7444,144.8763,2490.566037735849
Keilor East,3,t,710000,12.8,3,2,1.0,320,133.0,2013,-37.7415,144.8668,2218.75
Kensington,3,t,845000,4.2,3,2,1.0,132,105.0,1972,-37.7907,144.9247,6401.515151515152
Kensington,2,t,650000,4.2,2,1,1.0,79,151.96764988779805,1964,-37.7914,144.9344,8227.848101265823
Kensington,2,t,750000,4.2,2,1,1.0,325,112.0,2002,-37.7976,144.9213,2307.6923076923076
Kensington,3,t,918000,4.2,3,2,1.0,788,335.4,1998,-37.7938,144.9186,1164.9746192893401
Kensington,2,t,812000,4.2,2,1,0.0,132,79.0,1887,-37.7989,144.9275,6151.515151515152
Kensington,2,t,700000,4.2,2,1,3.0,62,222.6,1997,-37.7917,144.9231,11290.322580645161
Kensington,3,t,790000,4.2,3,2,2.0,1181,136.0,2003,-37.7982,144.9202,668.9246401354784
Kensington,2,t,700000,4.2,2,2,1.0,324,97.0,2009,-37.7903,144.9345,2160.4938271604938
Kew,3,t,800000,5.6,3,2,2.0,848,97.0,1970,-37.796,145.0324,943.3962264150944
Kew,3,t,1330000,5.6,3,2,2.0,205,184.0,1995,-37.7993,145.0267,6487.804878048781
Kew,4,t,1000000,5.6,3,3,2.0,317,151.96764988779805,1964,-37.794,145.032,3154.5741324921137
Kew,2,t,707500,5.6,2,1,1.0,124,86.0,1992,-37.7938,145.0321,5705.645161290323
Kew,3,t,732000,5.6,3,1,1.0,904,110.0,1980,-37.801,145.0297,809.7345132743363
Kew East,3,t,1963000,7.5,3,2,2.0,426,237.4,2010,-37.7917,145.0585,4607.981220657277
Kew East,3,t,1620000,7.5,3,2,2.0,248,167.0,2012,-37.7923,145.0595,6532.258064516129
Kew East,3,t,1260000,7.5,3,2,2.0,284,117.6,1990,-37.7966,145.048,4436.619718309859
Maidstone,3,t,615000,9.2,3,2,2.0,165,161.0,2007,-37.7773,144.8725,3727.2727272727275
Maidstone,3,t,640000,9.2,3,2,2.0,214,151.96764988779805,1964,-37.7806,144.8714,2990.654205607477
Maidstone,3,t,695000,9.2,3,2,1.0,156,124.0,2012,-37.7898,144.8722,4455.128205128205
Maidstone,3,t,728000,9.2,3,2,2.0,218,151.96764988779805,1964,-37.7895,144.8723,3339.4495412844035
Maidstone,2,t,600000,9.2,2,1,2.0,127,112.0,2004,-37.7859,144.8787,4724.4094488188975
Maidstone,3,t,555000,9.2,3,1,2.0,210,121.0,2012,-37.7869,144.8749,2642.8571428571427
Maidstone,2,t,510000,9.2,2,1,2.0,118,91.0,2014,-37.787,144.8748,4322.033898305085
Maidstone,3,t,657000,9.2,3,2,2.0,159,151.96764988779805,1964,-37.7846,144.87,4132.075471698113
Maidstone,2,t,600000,9.2,2,2,1.0,145,112.0,2012,-37.7801,144.869,4137.931034482759
Malvern,3,t,1390000,7.4,3,2,1.0,227,181.0,1995,-37.8577,145.0406,6123.348017621145
Malvern East,3,t,1253000,11.2,3,2,1.0,216,135.0,1994,-37.866,145.0549,5800.925925925926
Malvern East,3,t,940000,11.2,3,2,1.0,206,151.96764988779805,1964,-37.8826,145.0868,4563.1067961165045
Malvern East,4,t,1240000,11.2,4,2,2.0,310,180.0,1990,-37.8822,145.0837,4000.0
Malvern East,3,t,1120000,11.2,3,2,2.0,181,151.0,1990,-37.8823,145.0839,6187.845303867403
Malvern East,3,t,1370000,11.2,3,2,2.0,323,204.0,1953,-37.8704,145.0411,4241.486068111455
Malvern East,4,t,2560000,11.2,4,3,2.0,427,337.0,2012,-37.8704,145.0503,5995.316159250586
Malvern East,2,t,500000,11.2,2,1,1.0,50,151.96764988779805,1964,-37.8767,145.0469,10000.0
Maribyrnong,3,t,560000,8.7,3,2,2.0,77,115.0,2004,-37.7746,144.8798,7272.727272727273
Maribyrnong,3,t,560000,8.7,3,2,2.0,83,104.6,2000,-37.7719,144.8815,6746.987951807229
Maribyrnong,3,t,550000,8.7,3,2,2.0,77,138.0,2000,-37.7743,144.8797,7142.857142857143
Maribyrnong,3,t,730000,8.7,3,1,2.0,250,132.0,2000,-37.7861,144.8897,2920.0
Maribyrnong,2,t,410000,8.7,2,1,2.0,53,71.0,2000,-37.7736,144.8798,7735.8490566037735
Maribyrnong,3,t,1011000,8.7,3,2,2.0,225,151.96764988779805,1964,-37.7867,144.8906,4493.333333333333
Maribyrnong,2,t,510000,8.7,2,2,1.0,176,142.0,2010,-37.7693,144.8905,2897.7272727272725
Maribyrnong,3,t,865000,8.7,3,2,2.0,151,3.0,2010,-37.7855,144.8958,5728.476821192053
Maribyrnong,2,t,570000,8.7,3,1,2.0,98,128.0,2009,-37.7677,144.8925,5816.326530612245
Maribyrnong,2,t,429000,8.7,2,1,1.0,83,88.0,1980,-37.7732,144.8927,5168.674698795181
Maribyrnong,3,t,820000,8.7,3,2,2.0,275,151.96764988779805,1964,-37.7719,144.8767,2981.818181818182
Maribyrnong,2,t,408000,8.7,2,1,1.0,85,84.0,1980,-37.7732,144.8927,4800.0
Maribyrnong,3,t,675000,8.7,3,2,2.0,210,151.96764988779805,1964,-37.7732,144.879,3214.285714285714
Maribyrnong,2,t,440000,8.7,2,1,2.0,54,85.0,2000,-37.774,144.8797,8148.148148148148
Maribyrnong,2,t,400000,8.7,2,1,2.0,54,85.0,2000,-37.774,144.8797,7407.407407407408
Maribyrnong,5,t,1000000,8.7,5,3,2.0,98,151.96764988779805,1964,-37.7843,144.8939,10204.081632653062
Mont Albert,2,t,660000,11.8,2,2,1.0,146,151.96764988779805,1964,-37.8157,145.1101,4520.54794520548
Mont Albert,3,t,1310000,11.8,3,2,2.0,330,148.0,2001,-37.8167,145.107,3969.6969696969695
Mont Albert,3,t,1200000,11.8,3,2,2.0,255,152.0,2000,-37.8192,145.111,4705.882352941177
Moonee Ponds,2,t,515000,6.9,2,1,1.0,1981,111.0,2006,-37.7677,144.9221,259.96971226653204
Moonee Ponds,3,t,890500,6.9,3,2,1.0,213,277.2,1950,-37.7631,144.9073,4180.75117370892
Moonee Ponds,5,t,980000,6.9,5,2,2.0,207,168.0,2004,-37.7615,144.9333,4734.299516908212
Moonee Ponds,3,t,842500,6.9,3,2,1.0,216,156.0,1995,-37.7607,144.9314,3900.462962962963
Moonee Ponds,3,t,1345000,6.9,3,2,1.0,310,287.0,1930,-37.7639,144.9126,4338.709677419355
Moonee Ponds,4,t,726000,6.9,4,2,1.0,67,145.0,2000,-37.761,144.9262,10835.820895522387
Moonee Ponds,3,t,870000,6.9,3,2,2.0,156,152.0,2000,-37.7631,144.9357,5576.923076923077
Moonee Ponds,3,t,1130000,6.9,3,2,2.0,217,145.0,2013,-37.7704,144.9162,5207.373271889401
Moonee Ponds,2,t,800000,6.9,2,2,2.0,239,120.0,1970,-37.7708,144.9093,3347.2803347280333
Moorabbin,3,t,750000,14.6,3,2,1.0,164,123.0,2010,-37.9378,145.0385,4573.170731707317
Moorabbin,3,t,910000,14.6,3,2,2.0,312,151.96764988779805,1964,-37.9412,145.0491,2916.6666666666665
Moorabbin,3,t,785000,14.6,3,2,2.0,169,151.96764988779805,1964,-37.9385,145.0397,4644.970414201183
Moorabbin,3,t,917000,14.6,3,2,2.0,472,152.0,2001,-37.9387,145.0461,1942.7966101694915
Moorabbin,4,t,1105000,14.6,3,2,2.0,220,187.0,2015,-37.9387,145.0398,5022.727272727273
Newport,3,t,962000,8.4,3,2,2.0,283,179.0,2011,-37.8477,144.8753,3399.2932862190814
Newport,3,t,770000,8.4,3,2,2.0,224,132.0,2015,-37.8424,144.8653,3437.5
Newport,4,t,827500,8.4,4,3,2.0,221,151.96764988779805,1964,-37.8424,144.8653,3744.343891402715
Newport,3,t,747000,8.4,3,2,2.0,753,170.0,2005,-37.8413,144.8741,992.0318725099602
Newport,4,t,930000,8.4,4,3,3.0,278,188.0,2009,-37.8468,144.874,3345.3237410071943
Newport,4,t,820000,8.4,4,2,2.0,753,204.0,2006,-37.8413,144.8741,1088.9774236387782
Niddrie,3,t,830000,11.2,3,3,2.0,303,236.0,2013,-37.742,144.8885,2739.273927392739
Niddrie,3,t,770000,11.2,3,2,1.0,313,145.0,2011,-37.7335,144.8788,2460.063897763578
Niddrie,3,t,820000,11.2,3,2,1.0,229,180.0,2012,-37.7462,144.8873,3580.7860262008735
Niddrie,2,t,617500,11.2,2,1,1.0,237,151.96764988779805,1964,-37.74,144.8851,2605.4852320675104
Niddrie,3,t,840000,11.2,3,2,2.0,374,180.0,1990,-37.7445,144.8834,2245.9893048128342
North Melbourne,2,t,1105000,2.3,2,2,1.0,88,119.0,2010,-37.8018,144.9429,12556.818181818182
North Melbourne,3,t,1300000,2.3,3,2,2.0,67,181.0,2005,-37.804,144.9441,19402.985074626864
North Melbourne,3,t,1000000,2.3,3,2,1.0,61,170.0,1920,-37.8039,144.9424,16393.44262295082
North Melbourne,3,t,1065000,2.3,3,2,1.0,64,177.4,2008,-37.7994,144.9521,16640.625
Northcote,2,t,650000,5.5,2,2,2.0,55,100.0,2013,-37.7627,144.9898,11818.181818181818
Northcote,3,t,830000,5.5,3,3,1.0,55,180.8,2013,-37.7626,144.9898,15090.90909090909
Northcote,3,t,865000,5.5,3,1,2.0,184,108.0,2006,-37.7825,145.0104,4701.086956521739
Northcote,3,t,900000,5.5,3,2,2.0,608,138.0,2012,-37.7763,144.9967,1480.2631578947369
Northcote,3,t,980000,5.5,3,2,2.0,195,151.96764988779805,1964,-37.7678,144.9853,5025.641025641025
Northcote,3,t,1130000,5.5,3,2,1.0,229,151.96764988779805,1964,-37.7671,145.0153,4934.4978165938865
Oak Park,3,t,770000,11.5,3,2,2.0,272,138.0,2012,-37.7182,144.9244,2830.8823529411766
Oak Park,2,t,475000,11.5,2,1,1.0,118,113.0,2010,-37.7232,144.9154,4025.423728813559
Oak Park,3,t,770000,11.5,3,2,2.0,264,151.96764988779805,1964,-37.722,144.9192,2916.6666666666665
Oak Park,2,t,585500,11.5,2,1,1.0,161,86.0,2013,-37.7218,144.9188,3636.645962732919
Oakleigh South,3,t,680000,14.7,3,2,1.0,189,123.0,1980,-37.9122,145.0853,3597.8835978835978
Oakleigh South,3,t,800000,14.7,3,1,2.0,252,151.96764988779805,1964,-37.9167,145.0879,3174.6031746031745
Pascoe Vale,2,t,480000,9.9,2,1,1.0,113,94.0,1988,-37.7269,144.9274,4247.787610619469
Pascoe Vale,4,t,605000,9.9,4,2,1.0,215,157.0,1990,-37.7247,144.9257,2813.953488372093
Pascoe Vale,2,t,530000,9.9,2,1,1.0,156,98.0,2004,-37.7311,144.9395,3397.4358974358975
Pascoe Vale,3,t,790000,9.9,3,3,1.0,291,175.0,2009,-37.7271,144.9261,2714.7766323024057
Pascoe Vale,3,t,667500,9.9,3,2,2.0,167,151.96764988779805,1964,-37.7228,144.928,3997.005988023952
Pascoe Vale,2,t,500000,9.9,2,1,1.0,147,109.0,2012,-37.7209,144.93,3401.360544217687
Pascoe Vale,3,t,590000,9.9,3,2,2.0,191,142.0,2000,-37.7223,144.9315,3089.005235602094
Pascoe Vale,3,t,600000,9.9,3,3,1.0,205,107.0,1940,-37.7212,144.9326,2926.829268292683
Pascoe Vale,2,t,510000,9.9,2,1,1.0,110,91.0,2013,-37.7282,144.928,4636.363636363636
Pascoe Vale,4,t,640000,9.9,3,2,2.0,353,151.96764988779805,1964,-37.7214,144.9246,1813.0311614730879
Pascoe Vale,3,t,430000,9.9,3,2,1.0,146,106.0,2006,-37.7152,144.9346,2945.205479452055
Pascoe Vale,2,t,550500,9.9,2,1,2.0,135,100.0,2012,-37.7242,144.9411,4077.777777777778
Pascoe Vale,2,t,610000,9.9,2,1,1.0,169,109.0,1995,-37.7186,144.9306,3609.4674556213017
Pascoe Vale,2,t,410000,9.9,2,1,1.0,105,88.0,2014,-37.7233,144.9507,3904.7619047619046
Pascoe Vale,4,t,665000,9.9,4,2,2.0,148,141.0,2001,-37.7231,144.9482,4493.243243243243
Pascoe Vale,3,t,600000,9.9,3,2,1.0,122,139.0,1998,-37.7231,144.9373,4918.0327868852455
Port Melbourne,3,t,1565000,3.8,3,1,2.0,188,151.96764988779805,1964,-37.8371,144.9478,8324.468085106382
Prahran,3,t,1245000,4.5,2,2,1.0,128,134.0,2000,-37.8526,145.0071,9726.5625
Prahran,3,t,1450000,4.5,3,2,3.0,1958,98.0,1995,-37.8526,145.0106,740.5515832482124
Prahran,2,t,1540000,4.5,2,2,1.0,113,104.0,1945,-37.8481,144.9869,13628.318584070796
Preston,2,t,715000,8.8,2,1,1.0,132,121.0,2009,-37.7343,145.0025,5416.666666666667
Preston,2,t,635000,8.8,2,1,1.0,79,151.96764988779805,1964,-37.7484,145.0048,8037.974683544304
Preston,2,t,660000,8.8,2,1,1.0,113,90.0,2013,-37.7479,145.0153,5840.70796460177
Preston,3,t,714000,8.8,3,2,2.0,185,115.0,2005,-37.7287,144.9869,3859.4594594594596
Reservoir,3,t,620000,11.2,3,2,2.0,207,151.8,2006,-37.7086,145.0251,2995.169082125604
Reservoir,2,t,490000,11.2,2,1,1.0,91,84.0,2014,-37.713,145.0108,5384.615384615385
Reservoir,3,t,620500,11.2,3,2,1.0,158,117.0,2011,-37.7293,145.0216,3927.215189873418
Reservoir,3,t,530000,11.2,3,2,1.0,229,130.0,2008,-37.7036,145.0145,2314.410480349345
Reservoir,3,t,592000,11.2,3,1,1.0,270,160.0,2016,-37.702,145.0148,2192.5925925925926
Reservoir,2,t,416000,11.2,2,1,1.0,159,70.0,2000,-37.7059,145.0115,2616.3522012578615
Reservoir,3,t,678000,11.2,3,2,1.0,230,178.4,2009,-37.7077,145.0211,2947.8260869565215
Reservoir,2,t,380000,11.2,2,1,1.0,83,85.0,2010,-37.7171,145.0019,4578.313253012048
Reservoir,2,t,495000,11.2,2,1,1.0,96,73.0,2013,-37.7139,145.0198,5156.25
Reservoir,2,t,568000,11.2,2,1,1.0,120,151.96764988779805,1964,-37.7239,145.0083,4733.333333333333
Reservoir,2,t,425000,11.2,2,1,1.0,145,100.0,1956,-37.7284,145.0361,2931.0344827586205
Reservoir,2,t,490000,11.2,3,1,1.0,126,91.0,2013,-37.7186,145.0166,3888.8888888888887
Reservoir,2,t,420000,11.2,2,1,2.0,153,107.0,2003,-37.702,145.0324,2745.098039215686
Richmond,3,t,1236000,2.6,3,2,1.0,675,151.96764988779805,1964,-37.8206,145.0003,1831.111111111111
Richmond,2,t,855000,2.6,2,1,1.0,92,115.0,1970,-37.815,145.008,9293.478260869566
Richmond,2,t,1430000,2.6,2,2,2.0,153,125.0,2004,-37.8209,145.0055,9346.40522875817
Richmond,2,t,930000,2.6,2,1,1.0,97,85.0,2004,-37.814,145.002,9587.62886597938
Richmond,2,t,1081000,2.6,2,1,1.0,126,115.0,1995,-37.814,145.006,8579.36507936508
Richmond,2,t,810000,2.6,2,1,1.0,94,151.96764988779805,1964,-37.8201,144.9927,8617.021276595744
Richmond,3,t,975000,2.6,3,1,1.0,383,184.4,1993,-37.8248,144.9976,2545.691906005222
Richmond,2,t,1200000,2.6,2,2,1.0,170,89.0,1940,-37.8229,144.9931,7058.823529411765
Richmond,3,t,1582000,2.6,3,3,2.0,119,184.0,2005,-37.8278,144.9984,13294.117647058823
Richmond,3,t,1012000,2.6,3,2,1.0,80,151.96764988779805,1964,-37.8155,145.0061,12650.0
Rosanna,2,t,531000,11.4,2,1,1.0,83,89.0,1990,-37.747,145.07,6397.590361445783
Rosanna,2,t,515000,11.4,2,1,1.0,73,151.96764988779805,1964,-37.7472,145.0702,7054.7945205479455
Rosanna,3,t,710000,11.4,3,1,1.0,174,151.96764988779805,1964,-37.7404,145.0648,4080.4597701149423
Rosanna,3,t,990000,11.4,3,2,2.0,276,151.96764988779805,1964,-37.7336,145.0615,3586.9565217391305
Seddon,2,t,720000,6.6,2,1,1.0,126,127.0,2011,-37.8045,144.8898,5714.285714285715
Seddon,2,t,755000,6.6,2,2,1.0,97,151.96764988779805,1964,-37.8044,144.8941,7783.505154639175
South Melbourne,3,t,1450000,2.1,3,2,1.0,146,151.96764988779805,1964,-37.8331,144.9665,9931.506849315068
South Melbourne,3,t,1185000,2.1,3,2,1.0,111,3.0,2003,-37.8341,144.9541,10675.675675675675
South Yarra,3,t,1460000,3.3,2,2,1.0,181,148.0,1990,-37.8334,144.9867,8066.298342541437
South Yarra,3,t,1250000,3.3,3,2,1.0,80,118.0,2003,-37.8416,144.9923,15625.0
South Yarra,2,t,1365000,3.3,3,2,1.0,1302,151.96764988779805,1964,-37.8377,145.0021,1048.3870967741937
South Yarra,3,t,2010000,3.3,3,2,1.0,163,207.0,2016,-37.8425,144.9877,12331.288343558283
Spotswood,4,t,840000,7.7,3,3,2.0,278,277.0,2015,-37.8261,144.8718,3021.5827338129498
St Kilda,3,t,1400000,6.1,3,2,2.0,128,183.0,2002,-37.8624,144.9768,10937.5
Strathmore,4,t,995000,9.7,4,3,1.0,260,151.96764988779805,1964,-37.7319,144.9195,3826.923076923077
Strathmore,3,t,600000,9.7,4,3,2.0,717,151.96764988779805,1964,-37.7234,144.9077,836.8200836820083
Sunshine,3,t,500000,12.6,3,1,2.0,224,159.0,1985,-37.7863,144.8401,2232.1428571428573
Sunshine,2,t,410000,12.6,2,2,2.0,204,85.0,2008,-37.7982,144.823,2009.8039215686274
Sunshine West,3,t,450000,13.5,3,3,1.0,344,178.0,2004,-37.7967,144.8083,1308.139534883721
Sunshine West,3,t,510000,13.5,3,2,1.0,333,141.0,2012,-37.7912,144.8215,1531.5315315315315
Surrey Hills,3,t,1110000,11.2,4,2,2.0,401,129.0,1970,-37.8332,145.1105,2768.0798004987532
Surrey Hills,3,t,1330500,11.2,3,2,2.0,226,143.0,2004,-37.8275,145.0958,5887.168141592921
Surrey Hills,3,t,1325000,11.2,3,2,1.0,302,151.96764988779805,1964,-37.8289,145.1005,4387.417218543046
Surrey Hills,2,t,770500,11.2,1,2,1.0,88,92.0,1997,-37.819,145.0888,8755.681818181818
Surrey Hills,3,t,865000,11.2,3,1,1.0,217,101.0,1970,-37.8275,145.1032,3986.1751152073734
Templestowe Lower,2,t,678000,13.8,2,1,1.0,340,90.0,1980,-37.7564,145.1195,1994.1176470588234
Templestowe Lower,3,t,766000,13.8,3,1,1.0,226,151.96764988779805,1964,-37.7567,145.1209,3389.380530973451
Thornbury,2,t,805000,6.5,2,1,2.0,164,95.0,2009,-37.7536,144.9825,4908.536585365854
Thornbury,3,t,865000,6.5,3,2,2.0,158,151.96764988779805,1964,-37.7586,145.0056,5474.683544303797
Thornbury,3,t,910500,6.5,3,2,2.0,157,144.0,2010,-37.759,144.988,5799.363057324841
Thornbury,3,t,1070000,6.5,3,2,2.0,158,140.0,2007,-37.7588,144.9881,6772.151898734177
Thornbury,3,t,1100000,6.5,3,2,2.0,7330,187.8,2011,-37.7614,145.0118,150.0682128240109
Toorak,3,t,2400000,4.6,3,3,2.0,425,335.4,1998,-37.8492,145.0163,5647.058823529412
Toorak,3,t,2700000,4.6,3,2,2.0,294,220.0,2010,-37.8503,145.0292,9183.673469387755
Toorak,3,t,1550000,4.6,3,2,2.0,117,214.0,2000,-37.8343,145.0112,13247.863247863248
Toorak,3,t,2050000,4.6,3,2,2.0,339,151.96764988779805,1964,-37.8425,145.0252,6047.1976401179945
Toorak,2,t,1210000,4.6,2,2,2.0,101,151.96764988779805,1964,-37.8367,145.0076,11980.198019801981
Toorak,2,t,2100000,4.6,2,2,3.0,457,151.96764988779805,1964,-37.8464,145.0142,4595.185995623632
Watsonia,2,t,485000,14.9,2,1,1.0,184,151.96764988779805,1964,-37.7143,145.0781,2635.8695652173915
West Melbourne,2,t,800000,1.9,2,2,2.0,54,89.0,2006,-37.8094,144.9479,14814.814814814816
West Melbourne,3,t,1130000,1.9,3,2,2.0,116,125.8,2002,-37.8102,144.9515,9741.379310344828
West Melbourne,3,t,1120000,1.9,3,3,1.0,801,122.0,2008,-37.8067,144.9435,1398.2521847690386
Williamstown,2,t,830000,8.0,2,1,1.0,84,110.0,1980,-37.8581,144.9015,9880.952380952382
Williamstown,2,t,830000,8.0,2,1,0.0,56,151.96764988779805,1964,-37.8581,144.9011,14821.42857142857
Williamstown,3,t,1460000,8.0,3,2,2.0,506,180.0,2010,-37.8658,144.8857,2885.375494071146
Williamstown,3,t,935000,8.0,3,2,1.0,233,194.0,2002,-37.8573,144.8911,4012.8755364806866
Williamstown,3,t,965000,8.0,3,2,1.0,151,148.0,1970,-37.8666,144.9058,6390.728476821192
Williamstown North,2,t,500000,8.9,2,1,1.0,53,151.96764988779805,1964,-37.8563,144.8782,9433.962264150943
Yarraville,3,t,670000,7.0,3,2,2.0,152,151.96764988779805,1964,-37.8228,144.8833,4407.894736842105
Yarraville,3,t,1040000,7.0,2,2,0.0,352,152.0,2016,-37.8164,144.8869,2954.5454545454545
Yarraville,3,t,800000,7.0,3,2,1.0,169,150.0,2007,-37.8122,144.8965,4733.7278106508875
Aberfeldie,3,t,935000,9.1,3,2,2.0,217,149.0,2005,-37.7591,144.8923,4308.755760368664
Aberfeldie,3,t,1300000,9.1,3,3,1.0,593,205.0,2016,-37.7584,144.8968,2192.2428330522766
Brunswick East,3,t,940000,4.5,3,1,2.0,213,116.0,1995,-37.7643,144.9808,4413.145539906103
Brunswick East,3,t,899000,4.5,3,2,1.0,116,124.0,2007,-37.7667,144.9821,7750.0
Brunswick East,3,t,1050000,4.5,3,3,2.0,87,151.0,1998,-37.7739,144.975,12068.965517241379
Essendon West,3,t,800000,9.8,3,3,2.0,242,180.8,2013,-37.7535,144.8868,3305.785123966942
Essendon West,4,t,652500,9.8,4,2,1.0,179,160.0,1995,-37.7527,144.8824,3645.2513966480446
Essendon West,3,t,970000,9.8,3,2,2.0,356,223.0,2011,-37.7493,144.8901,2724.7191011235955
Fawkner,3,t,455000,12.4,3,2,1.0,738,138.0,2010,-37.7109,144.9654,616.5311653116531
Fawkner,3,t,553500,12.4,3,2,1.0,280,151.96764988779805,1964,-37.7027,144.9615,1976.7857142857142
Fawkner,3,t,460000,12.4,3,1,1.0,314,112.0,1970,-37.7066,144.9733,1464.968152866242
Fawkner,3,t,538000,12.4,3,2,2.0,217,151.96764988779805,1964,-37.7018,144.9679,2479.26267281106
Fawkner,3,t,492000,12.4,3,1,1.0,208,107.0,2011,-37.7092,144.9695,2365.3846153846152
Hawthorn East,3,t,1220000,7.5,3,2,2.0,166,127.0,1980,-37.8293,145.0456,7349.3975903614455
Hawthorn East,3,t,1110000,7.5,3,2,2.0,94,169.0,2005,-37.8302,145.0525,11808.510638297872
Hawthorn East,4,t,1425000,7.5,4,2,2.0,154,335.4,1998,-37.8298,145.0537,9253.246753246753
Hawthorn East,4,t,1738000,7.5,4,3,2.0,324,241.0,2002,-37.8348,145.0503,5364.197530864198
Hawthorn East,3,t,1240000,7.5,3,2,2.0,155,151.96764988779805,1964,-37.8397,145.0514,8000.0
Hawthorn East,3,t,1590000,7.5,3,2,2.0,289,181.0,2010,-37.8451,145.0525,5501.730103806229
Heidelberg,3,t,550000,10.6,2,1,2.0,235,123.0,1990,-37.7519,145.0696,2340.425531914894
Heidelberg,2,t,705000,10.6,2,1,1.0,182,110.0,1973,-37.7587,145.0657,3873.6263736263736
Heidelberg,2,t,595000,10.6,2,1,1.0,88,151.96764988779805,1964,-37.7587,145.0629,6761.363636363636
Heidelberg,3,t,808000,10.6,3,2,2.0,255,151.96764988779805,1964,-37.7537,145.0637,3168.627450980392
Heidelberg,2,t,600000,10.6,2,1,2.0,145,76.8,1970,-37.7515,145.0649,4137.931034482759
Heidelberg,2,t,690000,10.6,2,1,1.0,110,88.0,2010,-37.7489,145.07,6272.727272727273
Ivanhoe East,3,t,1050000,9.0,3,2,1.0,180,165.0,2012,-37.772,145.0538,5833.333333333333
Murrumbeena,4,t,1100000,12.1,4,3,2.0,286,160.0,1990,-37.8958,145.0696,3846.153846153846
Murrumbeena,3,t,1160000,12.1,3,2,2.0,302,172.0,2000,-37.9043,145.0622,3841.0596026490066
Murrumbeena,3,t,1100000,12.1,1,2,2.0,242,181.0,2005,-37.9017,145.0739,4545.454545454545
Murrumbeena,2,t,690000,12.1,2,1,1.0,129,151.96764988779805,1964,-37.8927,145.0691,5348.837209302325
Murrumbeena,2,t,720000,12.1,2,2,2.0,1318,177.4,2008,-37.8969,145.0654,546.2822458270106
Murrumbeena,4,t,1200000,12.1,4,3,2.0,297,151.96764988779805,1964,-37.895,145.0749,4040.40404040404
Murrumbeena,2,t,745500,12.1,2,1,1.0,186,110.0,1980,-37.8947,145.0722,4008.064516129032
Ormond,3,t,1250000,11.8,3,2,2.0,326,188.0,2000,-37.903,145.0285,3834.3558282208587
Ormond,4,t,1197000,11.8,4,2,2.0,144,151.8,2006,-37.9021,145.0357,8312.5
West Footscray,2,t,620000,8.2,3,1,1.0,144,151.96764988779805,1964,-37.7926,144.8809,4305.555555555556
West Footscray,3,t,620000,8.2,3,1,2.0,255,148.0,2001,-37.8038,144.8679,2431.372549019608
West Footscray,2,t,520000,8.2,2,1,1.0,148,151.96764988779805,1964,-37.7956,144.8641,3513.5135135135133
Albion,2,t,300000,13.9,2,1,1.0,74,76.8,1970,-37.7836,144.8256,4054.054054054054
other,3,t,430000,10.9,3,1,1.0,131,151.96764988779805,1964,-37.8203,144.8386,3282.442748091603
other,2,t,635000,10.4,2,2,1.0,81,2.0,1968,-37.8877,145.0449,7839.506172839506
other,2,t,755000,7.4,2,2,1.0,66,111.0,2005,-37.8813,144.9964,11439.39393939394
Cremorne,2,t,1010000,2.5,2,1,1.0,151,151.0,1998,-37.8311,144.9914,6688.741721854305
South Kingsville,2,t,650000,9.1,2,2,1.0,151,102.0,2011,-37.8289,144.8671,4304.635761589404
South Kingsville,4,t,915000,9.1,4,3,1.0,662,265.0,2016,-37.8307,144.8725,1382.1752265861028
South Kingsville,3,t,855000,9.1,3,2,2.0,337,151.96764988779805,1964,-37.8288,144.8681,2537.091988130564
South Kingsville,2,t,611000,9.1,2,1,1.0,228,100.0,2000,-37.8317,144.8713,2679.8245614035086
Keilor Park,2,t,380000,14.5,2,1,1.0,161,100.0,2010,-37.7251,144.8621,2360.248447204969
Keilor Park,4,t,746000,14.5,4,3,1.0,308,174.0,1970,-37.7231,144.8602,2422.0779220779223
Keilor Park,4,t,600000,14.5,4,2,1.0,231,146.0,2013,-37.7263,144.8584,2597.4025974025976
Albert Park,2,t,1500000,3.3,2,1,1.0,115,151.96764988779805,1964,-37.8441,144.9598,13043.478260869566
Alphington,3,t,1285000,6.4,3,2,2.0,528,128.6,1967,-37.7817,145.0319,2433.712121212121
Armadale,2,t,1200000,6.3,2,2,1.0,189,151.96764988779805,1964,-37.8532,145.0259,6349.206349206349
Ascot Vale,2,t,565000,5.9,2,2,1.0,103,151.96764988779805,1964,-37.7715,144.9088,5485.436893203883
Ashwood,2,t,770000,12.2,2,1,2.0,162,237.4,2010,-37.871,145.0994,4753.086419753086
Bentleigh,4,t,1105000,13.0,4,2,1.0,207,107.6,2007,-37.9156,145.0355,5338.16425120773
Bentleigh,3,t,1303000,13.0,3,2,2.0,334,151.8,2006,-37.9284,145.0428,3901.197604790419
Bentleigh,3,t,1375000,13.0,3,3,2.0,338,194.0,2012,-37.9166,145.0418,4068.0473372781066
Bentleigh,4,t,1300000,13.0,4,2,2.0,352,151.96764988779805,1964,-37.9317,145.0463,3693.181818181818
Bentleigh East,3,t,767000,13.9,3,1,2.0,162,151.96764988779805,1964,-37.9229,145.0538,4734.567901234568
Bentleigh East,3,t,1200000,13.9,3,2,2.0,369,151.96764988779805,1964,-37.9092,145.0728,3252.032520325203
Bentleigh East,3,t,1225000,13.9,3,2,2.0,372,180.0,2008,-37.9127,145.0694,3293.010752688172
Bentleigh East,3,t,1055000,13.9,3,2,2.0,301,104.6,2000,-37.9167,145.077,3504.9833887043187
Bentleigh East,3,t,850000,13.9,3,2,2.0,321,151.96764988779805,1964,-37.9316,145.0806,2647.97507788162
Box Hill,2,t,990000,13.1,2,1,1.0,257,151.96764988779805,1964,-37.8259,145.1282,3852.140077821012
Braybrook,3,t,441700,10.8,3,2,1.0,145,107.0,2003,-37.7894,144.8463,3046.206896551724
Brighton,4,t,2900000,11.2,4,4,2.0,473,292.0,2013,-37.9104,144.9999,6131.0782241014795
Brighton,2,t,975000,11.2,2,1,1.0,444,182.0,1915,-37.8993,145.0046,2195.945945945946
Brighton,2,t,1055000,11.2,2,1,2.0,211,76.8,1970,-37.921,144.9999,5000.0
Brighton,2,t,1470000,11.2,2,1,1.0,238,151.96764988779805,1964,-37.8985,145.0048,6176.470588235294
Brighton East,4,t,1700000,10.7,4,3,2.0,312,118.0,1950,-37.9295,145.0144,5448.717948717948
Brighton East,3,t,972000,10.7,3,2,1.0,119,160.0,2000,-37.9084,145.0118,8168.0672268907565
Brunswick,3,t,981000,5.2,3,2,1.0,122,140.0,2012,-37.7698,144.9661,8040.983606557377
Brunswick,2,t,600000,5.2,2,1,1.0,109,187.8,2011,-37.7778,144.9683,5504.587155963302
Brunswick East,2,t,690000,4.5,2,1,1.0,3886,151.96764988779805,1964,-37.7762,144.9771,177.56047349459598
Brunswick West,3,t,670000,5.9,3,1,2.0,176,104.6,2000,-37.7597,144.9404,3806.818181818182
Brunswick West,3,t,670000,5.9,3,1,2.0,109,104.0,2010,-37.7609,144.9416,6146.788990825688
Bulleen,2,t,599900,11.8,2,1,2.0,135,76.0,1970,-37.7787,145.0918,4443.7037037037035
Bulleen,4,t,910000,11.8,4,2,2.0,190,133.0,2000,-37.7664,145.0884,4789.473684210527
Burwood,3,t,975000,11.7,3,2,2.0,267,150.0,2012,-37.8463,145.1071,3651.6853932584268
Canterbury,3,t,1775000,9.0,3,2,2.0,410,151.96764988779805,1964,-37.8178,145.0649,4329.268292682927
Carnegie,4,t,1201000,11.4,4,2,2.0,273,104.6,2000,-37.8898,145.0632,4399.267399267399
Caulfield South,3,t,1000000,9.3,3,2,2.0,265,151.96764988779805,1964,-37.8924,145.0154,3773.5849056603774
Chadstone,3,t,905000,13.6,3,1,2.0,418,132.0,1955,-37.886,145.096,2165.0717703349283
Chadstone,3,t,820000,13.6,3,2,2.0,213,115.0,2012,-37.8827,145.0942,3849.7652582159626
Coburg,4,t,680000,7.8,4,2,1.0,3747,143.0,2006,-37.7551,144.9787,181.47851614625034
Coburg,3,t,824000,7.8,3,1,2.0,120,113.76,1990,-37.7462,144.9795,6866.666666666667
Coburg,3,t,720000,7.8,3,2,2.0,531,112.0,2016,-37.7424,144.9571,1355.9322033898304
Coburg,3,t,720000,7.8,3,2,2.0,531,112.0,2016,-37.7424,144.9571,1355.9322033898304
Collingwood,3,t,1308000,1.6,3,1,2.0,125,117.6,1990,-37.7953,144.9864,10464.0
Collingwood,2,t,945000,1.6,2,1,1.0,15900,98.0,1880,-37.8035,144.985,59.43396226415094
Doncaster,4,t,1090000,13.9,4,3,2.0,242,171.774,1995,-37.7866,145.1046,4504.1322314049585
Essendon,4,t,1162500,8.0,4,2,1.0,230,151.96764988779805,1964,-37.7547,144.9239,5054.347826086957
Fawkner,3,t,543500,12.4,3,3,3.0,247,103.0,2011,-37.7133,144.975,2200.404858299595
Footscray,3,t,760000,6.4,3,1,1.0,219,3.0,2011,-37.796,144.8819,3470.3196347031962
Glen Iris,2,t,797000,9.2,2,1,2.0,97,76.8,1970,-37.8637,145.0632,8216.494845360825
Glen Iris,3,t,1315000,9.2,3,2,2.0,184,151.96764988779805,1964,-37.8644,145.063,7146.739130434783
Glenroy,2,t,420000,13.0,2,2,1.0,1137,82.0,2009,-37.7045,144.9204,369.39313984168865
Glenroy,5,t,645000,13.0,5,1,1.0,227,152.0,2013,-37.6979,144.941,2841.409691629956
Glenroy,3,t,595000,13.0,3,1,2.0,258,142.6,2001,-37.7047,144.9087,2306.201550387597
Glenroy,3,t,680000,13.0,3,2,2.0,243,133.0,2014,-37.7116,144.9357,2798.3539094650205
Glenroy,3,t,720000,13.0,3,2,3.0,300,180.8,2013,-37.7098,144.9266,2400.0
Hadfield,3,t,630000,12.1,3,2,1.0,240,151.96764988779805,1964,-37.7114,144.9396,2625.0
Hampton,4,t,1910000,13.7,4,2,2.0,351,151.96764988779805,1964,-37.9449,145.0167,5441.595441595442
Hampton,2,t,837000,13.7,2,2,1.0,516,92.0,2007,-37.9365,145.0008,1622.093023255814
Hawthorn,3,t,1300000,4.6,3,2,1.0,126,151.96764988779805,1964,-37.8255,145.029,10317.460317460318
Heidelberg,2,t,630000,10.6,2,1,1.0,86,151.96764988779805,1964,-37.7586,145.0629,7325.581395348837
Heidelberg Heights,3,t,575000,10.5,3,1,2.0,192,91.0,1995,-37.7388,145.0581,2994.7916666666665
Heidelberg Heights,3,t,601000,10.5,3,2,2.0,200,151.96764988779805,1964,-37.7399,145.054,3005.0
Hughesdale,3,t,998000,13.0,3,2,2.0,246,104.6,2000,-37.9031,145.0804,4056.910569105691
Hughesdale,4,t,1340000,13.0,4,4,2.0,370,255.79,2006,-37.8919,145.0781,3621.6216216216217
Ivanhoe,3,t,1060000,7.9,3,0,0.0,219,127.0,1980,-37.7679,145.0466,4840.182648401827
Keilor East,3,t,745000,12.8,3,2,1.0,224,151.96764988779805,1964,-37.7426,144.868,3325.8928571428573
Keilor East,2,t,570000,12.8,2,2,2.0,55,151.96764988779805,1964,-37.7388,144.8767,10363.636363636364
Kew,3,t,690000,5.6,3,1,2.0,111,3.0,1872,-37.7941,145.0238,6216.216216216216
Kew,3,t,835000,5.6,3,2,2.0,247,147.2,2007,-37.7944,145.0327,3380.566801619433
Kew East,3,t,1205000,7.5,3,2,2.0,270,151.96764988779805,1964,-37.7864,145.0631,4462.962962962963
Maidstone,3,t,680000,9.2,3,3,2.0,2787,189.0,2012,-37.7794,144.872,243.98995335486185
Maidstone,3,t,675000,9.2,3,2,2.0,159,128.0,2016,-37.785,144.8673,4245.2830188679245
Maidstone,4,t,838000,9.2,4,2,2.0,294,194.0,1956,-37.7844,144.8758,2850.3401360544217
Malvern,2,t,1000000,7.4,2,2,1.0,156,151.96764988779805,1964,-37.8486,145.0321,6410.25641025641
Malvern East,4,t,1510000,11.2,4,3,2.0,274,225.98,1958,-37.873,145.0664,5510.948905109489
Moonee Ponds,3,t,1410000,6.9,3,3,2.0,256,151.96764988779805,1964,-37.7685,144.9294,5507.8125
Newport,3,t,900000,8.4,3,2,2.0,575,128.0,2017,-37.8389,144.8666,1565.2173913043478
Niddrie,3,t,800000,11.2,3,2,2.0,202,151.0,2015,-37.7418,144.8833,3960.3960396039606
Oak Park,2,t,600000,11.5,2,1,1.0,161,112.0,2015,-37.712,144.9175,3726.7080745341614
Ormond,4,t,1425000,11.8,4,2,2.0,314,189.0,2000,-37.9084,145.0532,4538.216560509554
Pascoe Vale,2,t,540000,9.9,2,1,2.0,240,151.96764988779805,1964,-37.7217,144.924,2250.0
Pascoe Vale,3,t,560000,9.9,3,2,1.0,141,94.0,2009,-37.7177,144.9328,3971.631205673759
Preston,3,t,880000,8.8,3,2,2.0,242,103.6,1945,-37.7506,145.0185,3636.3636363636365
Reservoir,3,t,815000,11.2,3,2,2.0,213,1.0,2012,-37.7085,145.018,3826.2910798122066
Reservoir,2,t,652000,11.2,2,2,2.0,254,93.0,2007,-37.7071,145.0108,2566.9291338582675
Reservoir,2,t,615000,11.2,2,1,1.0,202,151.96764988779805,1964,-37.7199,145.0091,3044.5544554455446
Reservoir,3,t,741000,11.2,3,2,2.0,257,120.0,1944,-37.7218,145.0231,2883.268482490272
Richmond,2,t,950000,2.6,2,1,1.0,113,118.0,2012,-37.8119,144.9947,8407.079646017699
South Melbourne,2,t,1100000,2.1,2,1,1.0,327,75.0,2004,-37.8351,144.964,3363.914373088685
South Yarra,3,t,3475000,3.3,3,3,1.0,296,151.96764988779805,1964,-37.8366,144.9882,11739.864864864865
South Yarra,3,t,2030000,3.3,3,2,2.0,201,151.96764988779805,1964,-37.8428,144.9877,10099.50248756219
St Kilda,2,t,1077000,6.1,2,1,1.0,455,98.0,1890,-37.8636,144.9749,2367.032967032967
Strathmore,3,t,925000,9.7,3,3,1.0,555,293.0,1966,-37.7345,144.9228,1666.6666666666667
Sunshine West,3,t,521000,13.5,3,3,2.0,134,124.45,2008,-37.79,144.7886,3888.0597014925374
Templestowe Lower,3,t,940000,13.8,3,2,3.0,281,187.8,2011,-37.7586,145.1211,3345.1957295373663
Templestowe Lower,3,t,950000,13.8,3,2,2.0,306,151.96764988779805,1964,-37.7658,145.1014,3104.575163398693
Thornbury,3,t,865000,6.5,3,2,2.0,194,104.6,2000,-37.7538,144.9991,4458.762886597938
Thornbury,2,t,960000,6.5,2,2,2.0,158,133.0,2007,-37.7587,144.9881,6075.949367088608
West Footscray,3,t,815000,8.2,3,1,2.0,203,3.0,2003,-37.7928,144.8811,4014.7783251231526
Yarraville,3,t,1070000,7.0,3,2,2.0,257,189.0,2012,-37.813,144.8703,4163.424124513619
Yarraville,3,t,1120000,7.0,3,2,0.0,152,170.0,2012,-37.811,144.8889,7368.421052631579
Altona,2,t,600000,13.8,2,1,2.0,190,151.96764988779805,1964,-37.8718,144.819,3157.8947368421054
Altona,2,t,597500,13.8,2,1,2.0,178,178.4,2009,-37.8701,144.8209,3356.741573033708
Balwyn,3,t,1680000,9.7,3,3,1.0,329,178.0,2005,-37.8101,145.0844,5106.382978723404
Elsternwick,3,t,850000,8.5,3,2,2.0,114,145.0,1995,-37.8857,145.0011,7456.140350877193
Essendon North,2,t,810000,9.4,2,2,1.0,175,151.96764988779805,1964,-37.7417,144.9079,4628.571428571428
Fitzroy,2,t,1100000,1.6,2,2,1.0,81,136.0,1990,-37.7976,144.9778,13580.246913580248
Fitzroy,2,t,1350000,1.6,2,1,2.0,6261,117.0,1999,-37.799,144.975,215.6205079060853
Fitzroy,2,t,1050000,1.6,2,1,1.0,87,104.6,2000,-37.7959,144.9802,12068.965517241379
Kensington,3,t,917500,4.2,3,1,1.0,98,101.0,1997,-37.791,144.9323,9362.244897959185
Kensington,2,t,811000,4.2,2,1,0.0,113,151.96764988779805,1964,-37.7898,144.9276,7176.991150442478
Moorabbin,2,t,742500,14.6,2,1,1.0,179,101.0,2001,-37.9369,145.0473,4148.0446927374305
South Kingsville,3,t,815000,9.1,3,2,2.0,148,151.96764988779805,1964,-37.8287,144.8705,5506.756756756757
Toorak,3,t,1320000,4.6,3,2,1.0,3,131.0,1970,-37.8474,145.0125,440000.0
Williamstown North,3,t,670000,8.9,3,2,2.0,146,141.0,2001,-37.857,144.8846,4589.041095890411
Williamstown North,3,t,720000,8.9,3,2,2.0,146,141.0,2001,-37.857,144.8846,4931.506849315068
West Melbourne,3,t,1171000,1.9,3,2,1.0,650,151.96764988779805,1964,-37.8098,144.9448,1801.5384615384614
Balwyn North,3,t,1050000,9.7,3,3,2.0,200,151.96764988779805,1964,-37.79362,145.0652,5250.0
Bayswater,3,t,640000,23.2,3,2,1.0,187,125.0,2010,-37.83909,145.26075,3422.4598930481284
Brighton East,4,t,1731000,10.3,4,3,2.0,345,239.0,2001,-37.91503,145.00888,5017.391304347826
Broadmeadows,3,t,465000,14.0,3,2,3.0,248,123.21,2010,-37.68358,144.92387,1875.0
Camberwell,3,t,1320000,7.7,3,2,2.0,227,223.0,2006,-37.84689,145.05863,5814.977973568282
Cheltenham,3,t,950000,17.9,3,3,2.0,160,149.0,2013,-37.96062,145.04296,5937.5
Essendon,3,t,864000,7.5,3,1,2.0,177,3.0,2003,-37.7401,144.89674,4881.35593220339
Forest Hill,3,t,850500,15.4,3,2,2.0,353,151.96764988779805,1964,-37.83401,145.17757,2409.3484419263455
Glenroy,3,t,525000,11.2,3,1,1.0,194,133.0,2011,-37.70168,144.94862,2706.185567010309
Jacana,2,t,390000,14.0,2,1,1.0,165,89.0,1995,-37.68582,144.91638,2363.6363636363635
Keilor East,2,t,520000,11.7,2,2,2.0,62,62.0,2014,-37.73893,144.87661,8387.09677419355
Kensington,1,t,500000,3.4,1,1,0.0,142,151.96764988779805,1964,-37.79059,144.93145,3521.1267605633802
Maidstone,2,t,520000,6.4,2,1,1.0,126,151.96764988779805,1964,-37.78775,144.87446,4126.984126984127
Maidstone,3,t,895000,6.4,3,2,2.0,262,153.0,2004,-37.78284,144.88098,3416.030534351145
Mitcham,3,t,970000,17.2,3,2,1.0,263,146.0,2016,-37.8179,145.20658,3688.212927756654
Oak Park,2,t,610000,11.2,2,1,1.0,182,112.0,2015,-37.712,144.91761,3351.6483516483518
Parkdale,3,t,1000000,21.5,3,2,2.0,298,124.0,1995,-37.99464,145.08099,3355.7046979865772
Reservoir,2,t,668500,12.0,2,2,1.0,138,104.63,2014,-37.72487,145.00705,4844.202898550725
Sunshine,3,t,525000,10.5,3,2,1.0,177,151.96764988779805,1964,-37.79408,144.82614,2966.101694915254
other,2,t,385000,18.4,2,1,1.0,206,151.96764988779805,1964,-37.84219,144.71155,1868.9320388349515
Vermont,3,t,917000,17.2,3,2,2.0,260,143.0,2004,-37.831,145.19844,3526.923076923077
Ashburton,4,t,1655000,10.2,4,3,2.0,510,240.0,2013,-37.87159,145.0795,3245.098039215686
Balwyn,3,t,1810000,7.9,3,2,2.0,400,151.96764988779805,1964,-37.80511,145.08972,4525.0
Bayswater,4,t,860000,23.2,4,3,2.0,304,155.0,1970,-37.8543,145.25253,2828.9473684210525
Bentleigh,4,t,1200000,11.4,4,2,2.0,293,226.0,2012,-37.92594,145.03184,4095.563139931741
Bentleigh East,3,t,935000,13.8,3,2,2.0,244,104.6,2000,-37.9203,145.08074,3831.967213114754
Blackburn North,4,t,990000,13.4,4,2,1.0,296,277.2,1950,-37.8054,145.15701,3344.5945945945946
Brunswick,2,t,765000,5.2,2,2,1.0,77,88.0,2007,-37.7617,144.96406,9935.064935064935
Burwood,4,t,845000,10.4,4,3,2.0,94,184.0,1942,-37.85213,145.10928,8989.36170212766
Camberwell,3,t,1171000,7.7,3,2,2.0,350,151.96764988779805,1964,-37.8356,145.08005,3345.714285714286
Cheltenham,2,t,745000,17.9,2,1,2.0,359,98.5,1991,-37.96342,145.06516,2075.208913649025
Coburg,3,t,690000,6.7,3,1,1.0,64,109.0,2011,-37.75535,144.96481,10781.25
Hawthorn East,3,t,1465000,6.2,3,2,2.0,265,177.0,2010,-37.84506,145.05246,5528.301886792453
Heathmont,3,t,701000,21.3,3,2,2.0,173,140.0,2009,-37.8327,145.2348,4052.023121387283
Kensington,3,t,855000,3.4,3,2,1.0,68,151.96764988779805,1964,-37.79554,144.91679,12573.529411764706
Malvern,2,t,910000,5.9,2,1,2.0,195,151.96764988779805,1964,-37.86916,145.03565,4666.666666666667
Mentone,3,t,815000,20.0,3,3,2.0,93,151.96764988779805,1964,-37.97917,145.07573,8763.440860215054
Mordialloc,4,t,1170000,21.5,4,2,2.0,312,179.0,2004,-38.002,145.08916,3750.0
Mount Waverley,3,t,1011000,14.2,3,2,2.0,297,135.0,2001,-37.8605,145.12853,3404.040404040404
Nunawading,4,t,950000,15.4,4,2,2.0,338,151.96764988779805,1964,-37.81065,145.17309,2810.6508875739646
Reservoir,3,t,642500,12.0,3,2,2.0,160,140.0,2010,-37.71064,145.01067,4015.625
Sandringham,4,t,2300000,15.2,4,2,2.0,604,166.0,1940,-37.95326,145.01779,3807.9470198675494
Sandringham,4,t,2221000,15.2,4,2,2.0,381,235.0,2000,-37.95372,145.00608,5829.396325459317
Templestowe Lower,4,t,1010000,12.4,4,3,2.0,332,198.0,2013,-37.76577,145.10729,3042.1686746987953
Tullamarine,2,t,355000,12.9,2,1,1.0,108,151.96764988779805,1964,-37.68837,144.87122,3287.037037037037
Vermont,3,t,820000,17.2,3,2,2.0,277,125.0,2016,-37.83581,145.19802,2960.2888086642597
Airport West,3,t,730000,10.4,3,1,2.0,242,124.0,2010,-37.72893,144.88859,3016.528925619835
Altona,3,t,765000,11.0,3,2,2.0,200,139.0,2007,-37.86837,144.81502,3825.0
Balwyn North,3,t,1557000,9.7,3,2,2.0,292,181.0,2010,-37.80259,145.09878,5332.191780821918
Bentleigh East,3,t,950000,13.8,3,2,2.0,163,151.96764988779805,1964,-37.9217,145.0733,5828.2208588957055
Bentleigh East,3,t,850000,13.8,3,2,1.0,200,151.96764988779805,1964,-37.91847,145.08101,4250.0
Brighton East,4,t,1620000,10.3,4,2,2.0,326,515.78,1968,-37.92875,145.0248,4969.325153374233
Burwood,3,t,918000,10.4,3,2,1.0,207,144.0,2012,-37.85682,145.10873,4434.782608695652
Camberwell,2,t,795000,7.7,2,2,1.0,112,151.96764988779805,1964,-37.84085,145.05415,7098.214285714285
Cheltenham,3,t,861000,17.9,3,2,2.0,305,130.0,2000,-37.96836,145.06452,2822.9508196721313
Doncaster,4,t,1202000,12.4,4,3,0.0,403,151.96764988779805,1964,-37.77744,145.10416,2982.6302729528534
Doncaster East,5,t,1500000,14.3,5,3,2.0,365,151.96764988779805,1964,-37.77821,145.1569,4109.58904109589
other,2,t,1350000,1.3,2,2,1.0,87,115.0,2005,-37.81803,144.9892,15517.241379310344
Eltham,3,t,755000,18.0,3,2,2.0,214,151.96764988779805,1964,-37.70479,145.1573,3528.03738317757
Elwood,4,t,1950000,7.2,4,3,2.0,142,180.8,2013,-37.87156,144.98605,13732.394366197183
Essendon North,3,t,800000,8.2,3,2,1.0,161,149.0,2012,-37.73566,144.89368,4968.944099378882
Heathmont,3,t,670000,21.3,3,2,1.0,194,151.96764988779805,1964,-37.82365,145.24001,3453.6082474226805
Heidelberg,4,t,828000,8.9,4,2,2.0,264,140.0,2000,-37.74352,145.08082,3136.3636363636365
Kew,3,t,1375000,5.4,3,3,3.0,325,151.96764988779805,1964,-37.80506,145.05224,4230.7692307692305
Maidstone,2,t,505500,6.4,2,1,1.0,59,163.0,2014,-37.77824,144.87427,8567.796610169491
Mentone,3,t,1051000,20.0,3,2,2.0,435,141.0,1980,-37.97889,145.0745,2416.0919540229884
Mitcham,3,t,800000,17.2,3,2,2.0,343,130.0,2010,-37.82158,145.21129,2332.3615160349855
Murrumbeena,3,t,900000,10.1,3,2,2.0,238,335.4,1998,-37.89345,145.06875,3781.5126050420167
North Melbourne,1,t,780000,1.8,1,1,0.0,37,151.96764988779805,1964,-37.80376,144.95379,21081.08108108108
Oak Park,2,t,790000,11.2,2,2,1.0,208,127.0,2010,-37.71679,144.90901,3798.076923076923
Oakleigh East,3,t,820000,12.3,3,2,1.0,200,130.0,2013,-37.91017,145.11488,4100.0
Parkville,3,t,850000,1.8,3,1,1.0,2429,151.96764988779805,1964,-37.78033,144.95949,349.9382461918485
Port Melbourne,3,t,1388000,3.5,3,2,2.0,104,146.0,2015,-37.83165,144.94411,13346.153846153846
Prahran,3,t,1420000,4.6,3,2,2.0,187,151.96764988779805,1964,-37.84714,144.98927,7593.582887700535
Richmond,3,t,1255000,2.4,3,2,1.0,124,123.0,2008,-37.8147,145.00852,10120.967741935483
St Albans,3,t,460000,14.0,3,1,1.0,160,129.0,2000,-37.73915,144.80289,2875.0
Ascot Vale,3,t,1200000,4.3,3,2,2.0,198,151.96764988779805,1964,-37.7771,144.92793,6060.606060606061
Bentleigh East,3,t,817000,13.8,3,1,2.0,332,151.96764988779805,1964,-37.93462,145.06562,2460.843373493976
Brighton,3,t,3275000,10.5,3,2,3.0,289,371.6122,1990,-37.92576,144.99233,11332.179930795848
Canterbury,3,t,1381000,8.4,3,2,2.0,230,151.96764988779805,1964,-37.81653,145.05971,6004.347826086957
Carnegie,2,t,817500,10.1,2,1,1.0,292,151.96764988779805,1964,-37.89431,145.05902,2799.6575342465753
Glen Iris,3,t,1610000,7.3,3,2,2.0,364,20.0,1973,-37.84897,145.06804,4423.076923076923
Hampton,2,t,1285000,13.8,2,1,1.0,348,100.0,1992,-37.93557,145.00463,3692.5287356321837
Hawthorn,3,t,1236000,5.3,3,2,2.0,159,104.6,2000,-37.83179,145.04293,7773.584905660377
Heidelberg,3,t,781000,8.9,3,2,2.0,137,104.6,2000,-37.74888,145.06593,5700.729927007299
Ivanhoe,3,t,975000,7.8,3,2,1.0,103,120.0,1997,-37.76676,145.04333,9466.019417475729
Maidstone,3,t,810000,6.4,3,2,2.0,209,16.0,1966,-37.78707,144.87608,3875.598086124402
Maribyrnong,3,t,815000,4.3,3,2,2.0,198,130.0,1990,-37.78667,144.88834,4116.161616161616
Mount Waverley,4,t,970000,14.2,4,2,2.0,196,151.96764988779805,1964,-37.89456,145.11388,4948.9795918367345
Oak Park,2,t,560000,11.2,2,1,1.0,132,73.0,2014,-37.72048,144.91323,4242.424242424242
Preston,2,t,660000,8.4,2,2,1.0,70,126.6,1940,-37.74645,144.98888,9428.57142857143
Preston,3,t,875000,8.4,3,2,2.0,214,151.96764988779805,1964,-37.74886,144.99225,4088.785046728972
other,2,t,856000,4.3,2,1,2.0,326,221.6,1996,-37.78281,144.93567,2625.7668711656443
Airport West,3,t,856000,10.4,3,2,1.0,300,212.0,2011,-37.71917,144.87819,2853.3333333333335
Balwyn North,3,t,1330000,9.7,3,2,1.0,260,132.6,2001,-37.79294,145.08583,5115.384615384615
Bentleigh East,3,t,955000,13.8,3,2,2.0,225,151.96764988779805,1964,-37.91425,145.08376,4244.444444444444
other,3,t,663000,6.4,3,2,2.0,244,129.0,2010,-37.82017,144.84904,2717.2131147540986
Bulleen,4,t,950000,10.8,4,2,2.0,189,187.8,2011,-37.76048,145.08476,5026.455026455026
Burwood,2,t,700000,10.4,2,1,1.0,148,151.96764988779805,1964,-37.84743,145.09657,4729.72972972973
Burwood East,3,t,780000,14.7,3,2,2.0,306,138.0,1999,-37.85473,145.1521,2549.0196078431372
Coburg North,2,t,525000,6.7,2,2,1.0,143,102.0,1976,-37.72037,144.97023,3671.328671328671
Craigieburn,2,t,340000,20.6,2,1,1.0,197,151.96764988779805,1964,-37.57886,144.90817,1725.8883248730965
Craigieburn,3,t,420000,20.6,3,2,2.0,219,175.0,2010,-37.57243,144.92663,1917.8082191780823
Elsternwick,4,t,1970000,7.2,4,2,2.0,470,151.96764988779805,1964,-37.89359,145.01267,4191.489361702128
Elwood,3,t,1360000,7.2,3,2,2.0,797,175.0,1997,-37.8867,144.99141,1706.3989962358846
Essendon,3,t,830000,7.5,3,2,1.0,176,134.0,2011,-37.74936,144.89669,4715.909090909091
Fawkner,3,t,577000,13.1,3,1,1.0,164,126.2,2003,-37.71976,144.97121,3518.2926829268295
Ferntree Gully,3,t,670000,24.8,3,2,2.0,239,151.96764988779805,1964,-37.886,145.28646,2803.347280334728
Footscray,2,t,455000,5.1,2,1,1.0,43,86.0,2010,-37.78822,144.88361,10581.39534883721
Glen Iris,3,t,1501000,7.3,3,2,2.0,313,160.0,1995,-37.85385,145.06473,4795.52715654952
Heidelberg,2,t,738000,8.9,2,1,2.0,154,107.0,1985,-37.75343,145.06328,4792.207792207792
Heidelberg Heights,3,t,715000,8.8,3,2,2.0,192,151.96764988779805,1964,-37.74128,145.05607,3723.9583333333335
Heidelberg Heights,2,t,680000,8.8,2,1,1.0,129,106.0,2013,-37.74931,145.05505,5271.3178294573645
Kensington,1,t,715000,3.4,1,1,0.0,91,151.8,2006,-37.7914,144.93076,7857.142857142857
Kew,2,t,825000,5.4,2,1,3.0,193,107.0,1995,-37.79438,145.03369,4274.611398963731
Malvern East,3,t,1060000,8.4,3,1,1.0,206,110.0,1980,-37.87107,145.04991,5145.631067961165
Mentone,3,t,1010000,20.0,3,1,2.0,309,151.96764988779805,1964,-37.98009,145.06118,3268.608414239482
Mill Park,2,t,480750,17.9,2,1,1.0,114,92.0,1973,-37.67761,145.06132,4217.105263157895
Montmorency,3,t,960000,16.2,3,2,2.0,397,126.2,2003,-37.72331,145.11909,2418.1360201511334
Mount Waverley,4,t,1250800,14.2,4,2,2.0,243,151.96764988779805,1964,-37.86463,145.14284,5147.325102880658
Niddrie,3,t,715000,10.4,3,1,1.0,178,151.96764988779805,1964,-37.74731,144.88826,4016.85393258427
Nunawading,3,t,1235000,15.4,3,3,2.0,338,28.0,2001,-37.82704,145.16801,3653.846153846154
Oakleigh East,4,t,912000,12.3,4,2,2.0,344,146.0,1997,-37.90822,145.12036,2651.1627906976746
Pascoe Vale,2,t,530000,8.5,2,2,1.0,135,84.0,1971,-37.71628,144.93822,3925.925925925926
Pascoe Vale,3,t,755000,8.5,3,1,2.0,234,184.4,1993,-37.7254,144.92048,3226.4957264957266
Prahran,2,t,1190000,4.6,2,1,2.0,57,151.96764988779805,1964,-37.84839,145.0013,20877.19298245614
Reservoir,2,t,575000,12.0,2,2,1.0,151,102.0,2015,-37.70426,145.01204,3807.9470198675494
Tullamarine,3,t,555000,12.9,3,2,2.0,286,151.96764988779805,1964,-37.69728,144.87455,1940.5594405594406
Westmeadows,3,t,500000,16.5,3,1,2.0,141,189.0,2012,-37.67941,144.8764,3546.099290780142
Balwyn North,4,t,1575000,9.7,4,2,2.0,392,107.6,2007,-37.80039,145.0961,4017.8571428571427
Brunswick East,3,t,937000,4.0,3,2,1.0,110,121.8,2000,-37.76049,144.98065,8518.181818181818
Carnegie,4,t,1250000,10.1,4,3,2.0,326,223.0,2005,-37.89334,145.05463,3834.3558282208587
other,3,t,430000,14.8,3,2,2.0,194,237.4,2010,-37.7253,144.7484,2216.494845360825
Coburg,2,t,876000,6.7,2,2,1.0,134,100.0,2014,-37.74914,144.96826,6537.313432835821
Croydon,2,t,480000,23.0,2,1,1.0,2040,151.96764988779805,1964,-37.80452,145.28579,235.2941176470588
Donvale,2,t,630000,16.1,2,1,1.0,196,100.0,2000,-37.80103,145.17844,3214.285714285714
Ferntree Gully,3,t,664000,24.8,3,2,1.0,219,138.0,2010,-37.8798,145.2775,3031.963470319635
Ferntree Gully,3,t,1900000,24.8,3,2,2.0,1869,502.0,1947,-37.88096,145.29371,1016.5864098448368
Glenroy,2,t,400000,11.2,2,1,1.0,102,70.0,2012,-37.71122,144.91863,3921.5686274509803
Glenroy,4,t,656000,11.2,4,2,2.0,228,126.2,2003,-37.7046,144.91041,2877.1929824561403
Hadfield,2,t,595000,11.2,2,2,1.0,201,111.0,2005,-37.71147,144.93927,2960.1990049751244
Hadfield,2,t,539000,11.2,2,2,2.0,160,151.96764988779805,1964,-37.70522,144.94702,3368.75
Keilor East,4,t,710000,11.7,4,2,1.0,330,151.96764988779805,1964,-37.74165,144.86279,2151.5151515151515
Kew,3,t,1205000,5.4,3,2,2.0,257,151.96764988779805,1964,-37.81317,145.05993,4688.715953307393
Maidstone,3,t,650000,6.4,3,2,2.0,159,128.0,2016,-37.78502,144.86733,4088.050314465409
Mentone,3,t,940000,20.0,3,1,2.0,331,157.9352,1989,-37.97759,145.06482,2839.87915407855
Mordialloc,3,t,1627000,21.5,3,2,2.0,304,233.0,2007,-38.00644,145.08478,5351.973684210527
Mount Waverley,3,t,1375000,14.2,3,2,2.0,366,151.96764988779805,1964,-37.87904,145.12911,3756.8306010928964
Nunawading,4,t,1175000,15.4,4,3,2.0,289,170.0,2011,-37.82895,145.17678,4065.7439446366784
Parkville,2,t,800000,1.8,2,1,1.0,145,151.96764988779805,1964,-37.7882,144.94205,5517.241379310345
South Morang,3,t,420000,20.5,3,2,2.0,155,101.0,2011,-37.63478,145.08486,2709.6774193548385
Surrey Hills,2,t,781000,10.2,2,1,2.0,140,151.96764988779805,1964,-37.82413,145.10424,5578.571428571428
Templestowe,3,t,795000,15.5,3,2,2.0,217,151.96764988779805,1964,-37.75458,145.12285,3663.5944700460827
Abbotsford,4,t,1525000,3.0,4,2,2.0,102,151.96764988779805,1964,-37.80116,145.00066,14950.980392156862
Airport West,4,t,950000,10.4,4,2,1.0,255,151.96764988779805,1964,-37.72572,144.86848,3725.4901960784314
Ashburton,4,t,1520000,10.2,4,3,2.0,267,190.0,2012,-37.87036,145.08471,5692.883895131086
Bentleigh,4,t,1280000,11.4,4,3,2.0,306,200.0,2014,-37.92893,145.04581,4183.006535947712
Bentleigh,4,t,1750000,11.4,4,3,2.0,429,262.0,2013,-37.91582,145.048,4079.2540792540794
Boronia,4,t,740000,25.0,4,2,2.0,261,151.96764988779805,1964,-37.85784,145.26022,2835.2490421455936
Box Hill,2,t,730000,10.9,2,2,1.0,126,189.0,2012,-37.819,145.13537,5793.650793650793
Bundoora,4,t,685000,12.1,4,2,1.0,287,152.0,1990,-37.69382,145.04831,2386.759581881533
Bundoora,2,t,505000,12.1,2,1,2.0,90,90.0,1995,-37.70912,145.05181,5611.111111111111
other,4,t,1680000,7.9,4,2,1.0,254,172.0,1995,-37.81007,145.06792,6614.173228346457
Footscray,2,t,575000,5.1,2,2,1.0,88,94.5,2000,-37.78872,144.88891,6534.090909090909
Keilor East,4,t,1022000,11.7,4,2,2.0,284,151.96764988779805,1964,-37.73574,144.87014,3598.5915492957747
Keilor East,3,t,518500,11.7,3,1,1.0,165,151.96764988779805,1964,-37.74182,144.85498,3142.4242424242425
Keysborough,2,t,688000,25.2,2,2,1.0,240,151.96764988779805,1964,-38.00013,145.14673,2866.6666666666665
Maidstone,2,t,642500,6.4,2,2,1.0,126,95.0,2015,-37.78458,144.88106,5099.206349206349
Maidstone,3,t,710000,6.4,3,2,2.0,186,134.6,2011,-37.78559,144.86483,3817.2043010752686
Maribyrnong,3,t,940000,4.3,3,2,2.0,366,183.84,2012,-37.7816,144.88999,2568.3060109289618
Mitcham,3,t,973000,17.2,3,2,2.0,323,151.96764988779805,1964,-37.8099,145.19506,3012.3839009287926
Mount Waverley,3,t,900000,14.2,3,2,2.0,344,3.0,2000,-37.85991,145.14523,2616.279069767442
Newport,3,t,730000,6.2,3,2,2.0,200,126.7,2005,-37.85134,144.88636,3650.0
Parkdale,3,t,1206000,21.5,3,2,2.0,300,151.96764988779805,1964,-37.98833,145.07741,4020.0
South Melbourne,3,t,1750000,1.9,3,3,2.0,100,151.96764988779805,1964,-37.83453,144.95782,17500.0
Surrey Hills,3,t,938000,10.2,3,1,2.0,271,151.96764988779805,1964,-37.8364,145.10609,3461.2546125461254
Altona,3,t,815000,11.0,3,2,2.0,159,130.0,2014,-37.86472,144.82929,5125.786163522012
Balwyn North,3,t,1721000,9.7,3,2,2.0,301,171.774,1995,-37.79535,145.07131,5717.6079734219265
Brunswick East,2,t,702500,4.0,2,2,1.0,65,78.0,2013,-37.76812,144.97414,10807.692307692309
other,2,t,495000,31.2,2,1,1.0,198,94.0,1980,-38.0796,145.13272,2500.0
Craigieburn,2,t,310000,20.6,2,1,1.0,38,114.0,2013,-37.57467,144.92229,8157.894736842105
Dingley Village,3,t,802000,22.2,3,2,2.0,251,185.0,1998,-37.98146,145.11715,3195.2191235059763
Donvale,3,t,920000,16.1,3,2,2.0,239,187.0,2007,-37.77323,145.18029,3849.3723849372386
Epping,2,t,401500,19.6,2,2,1.0,149,151.96764988779805,1964,-37.6311,145.0232,2694.6308724832215
Hampton,3,t,1660000,13.8,3,2,2.0,478,151.96764988779805,1964,-37.93297,144.99771,3472.803347280335
Hawthorn,3,t,1200000,5.3,3,2,2.0,1089,151.96764988779805,1964,-37.81432,145.03221,1101.9283746556473
Heidelberg Heights,2,t,650000,8.8,2,1,1.0,140,107.0,2013,-37.74835,145.05042,4642.857142857143
Maidstone,2,t,650000,6.4,2,2,1.0,279,104.0,2013,-37.78799,144.87515,2329.7491039426523
Maidstone,3,t,702000,6.4,3,2,2.0,189,131.0,2000,-37.78606,144.87205,3714.285714285714
Maribyrnong,2,t,675000,4.3,2,1,2.0,198,178.4,2009,-37.76703,144.88915,3409.090909090909
Montmorency,3,t,820000,16.2,3,2,2.0,260,157.0,2010,-37.72394,145.12456,3153.846153846154
Moorabbin,3,t,935000,14.3,3,2,2.0,280,109.0,1985,-37.94111,145.0431,3339.285714285714
Murrumbeena,3,t,956000,10.1,3,2,1.0,137,137.0,1994,-37.887,145.07303,6978.1021897810215
Parkdale,1,t,503750,21.5,1,1,1.0,80,88.0,2007,-37.99825,145.08696,6296.875
Pascoe Vale,3,t,629000,8.5,3,2,2.0,495,151.96764988779805,1964,-37.71962,144.95061,1270.7070707070707
Reservoir,2,t,710000,12.0,2,2,1.0,126,138.0,2013,-37.72357,144.98562,5634.920634920635
Seaford,2,t,386000,35.4,2,1,1.0,150,106.0,1970,-38.12477,145.13668,2573.3333333333335
South Morang,2,t,345000,20.5,2,1,1.0,305,131.0,1999,-37.6522,145.09261,1131.1475409836066
West Footscray,3,t,700000,6.4,3,2,2.0,125,131.0,2013,-37.80735,144.87361,5600.0
Altona,4,t,820000,11.0,4,2,2.0,288,76.8,1970,-37.87171,144.81273,2847.222222222222
Ascot Vale,3,t,855000,4.3,3,1,2.0,159,129.0,2011,-37.78329,144.91842,5377.358490566037
Ashwood,3,t,1060000,10.2,3,2,2.0,343,1.0,2000,-37.86324,145.10289,3090.379008746356
Beaumaris,3,t,1850000,17.3,3,3,2.0,252,203.0,2007,-37.98453,145.02659,7341.269841269841
Braybrook,3,t,560000,8.6,3,1,1.0,158,137.0,2002,-37.78893,144.84652,3544.3037974683543
Chadstone,3,t,977500,11.7,3,3,3.0,209,189.0,2012,-37.88923,145.0964,4677.033492822967
Elsternwick,3,t,1200000,7.2,3,1,2.0,1405,117.0,1965,-37.88065,145.01112,854.0925266903914
Eltham,3,t,751000,18.0,3,2,2.0,247,178.4,2009,-37.70318,145.16467,3040.4858299595144
Hampton,3,t,1405000,13.8,3,2,2.0,220,139.0,2014,-37.93487,145.00093,6386.363636363636
Ivanhoe,2,t,880000,7.8,2,1,2.0,229,113.0,2005,-37.7651,145.03452,3842.7947598253277
Ivanhoe,4,t,985000,7.8,4,3,2.0,181,154.0,2016,-37.76758,145.03883,5441.9889502762435
Keilor East,3,t,777000,11.7,3,2,1.0,300,277.2,1950,-37.73421,144.86832,2590.0
Maribyrnong,3,t,640000,4.3,3,2,2.0,91,132.0,2000,-37.77449,144.88011,7032.9670329670325
Mitcham,4,t,926000,17.2,4,3,2.0,374,170.0,2000,-37.81521,145.18727,2475.9358288770054
Pascoe Vale,2,t,510000,8.5,2,1,1.0,129,88.3,2012,-37.71865,144.95018,3953.4883720930234
Sunshine North,4,t,650000,10.5,4,2,1.0,283,181.6,2005,-37.76508,144.83629,2296.819787985866
Sunshine West,3,t,615000,10.5,3,2,1.0,358,27.0,1999,-37.79573,144.79311,1717.877094972067
Taylors Lakes,3,t,502000,15.5,3,2,2.0,198,143.0,2004,-37.69503,144.77869,2535.3535353535353
Templestowe Lower,2,t,731000,12.4,2,1,1.0,217,115.0,2005,-37.75671,145.11401,3368.663594470046
Wantirna South,3,t,630000,14.7,3,1,2.0,169,141.0,2001,-37.87345,145.22973,3727.810650887574
Airport West,3,t,780000,10.4,3,2,1.0,195,192.0,2005,-37.7325,144.88272,4000.0
Albion,2,t,340000,10.5,2,1,1.0,100,151.96764988779805,1964,-37.77956,144.82519,3400.0
Albion,3,t,580000,10.5,3,2,2.0,175,110.0,2014,-37.77856,144.82443,3314.285714285714
Ascot Vale,3,t,1185000,4.3,3,2,2.0,271,151.96764988779805,1964,-37.7783,144.90876,4372.693726937269
Balwyn,4,t,1450000,7.9,4,3,2.0,232,151.96764988779805,1964,-37.80345,145.07969,6250.0
Beaumaris,3,t,900000,17.3,3,2,2.0,243,151.96764988779805,1964,-37.98214,145.05175,3703.703703703704
Bentleigh,3,t,1435000,11.4,3,3,2.0,307,177.0,2014,-37.91648,145.04927,4674.267100977198
Bentleigh East,3,t,1260000,13.8,3,2,2.0,669,138.0,1960,-37.91289,145.08065,1883.408071748879
other,3,t,1215000,17.3,3,2,2.0,314,151.96764988779805,1964,-37.97287,145.01648,3869.4267515923566
Camberwell,3,t,1280000,7.7,3,2,2.0,186,158.0,2014,-37.84143,145.08705,6881.720430107527
Chadstone,5,t,1050000,11.7,5,2,2.0,276,159.0,2011,-37.87883,145.09741,3804.3478260869565
Cheltenham,2,t,751000,17.9,2,1,1.0,171,151.96764988779805,1964,-37.96304,145.06421,4391.812865497076
Coburg North,3,t,830000,6.7,3,2,2.0,275,142.0,2008,-37.73156,144.97087,3018.181818181818
Doncaster East,3,t,970000,14.3,3,2,2.0,283,151.96764988779805,1964,-37.78177,145.15818,3427.5618374558303
Doncaster East,3,t,1120000,14.3,3,2,2.0,253,253.0,1968,-37.7626,145.17126,4426.877470355731
Essendon,3,t,1002000,7.5,3,2,2.0,292,151.96764988779805,1964,-37.74093,144.89279,3431.5068493150684
Glen Iris,2,t,955000,7.3,2,1,1.0,197,1.0,1970,-37.85448,145.0485,4847.715736040609
Heidelberg,3,t,835000,8.9,3,2,2.0,161,135.0,2010,-37.74897,145.07024,5186.335403726708
Highett,3,t,1200000,16.0,3,1,2.0,269,125.0,2000,-37.94775,145.02379,4460.966542750929
Highett,3,t,1030000,16.0,3,2,2.0,240,180.0,2006,-37.9461,145.02432,4291.666666666667
Highett,4,t,1200000,16.0,4,2,2.0,304,183.0,2007,-37.94633,145.04947,3947.3684210526317
Kew,3,t,1405000,5.4,3,2,2.0,325,129.0,1980,-37.81614,145.05056,4323.076923076923
Maidstone,3,t,670000,6.4,3,2,2.0,159,128.0,2016,-37.78502,144.86733,4213.836477987421
Maidstone,4,t,821000,6.4,4,3,2.0,294,151.0,2014,-37.78133,144.86768,2792.517006802721
Meadow Heights,3,t,360000,17.4,3,1,1.0,154,108.0,2008,-37.64992,144.91883,2337.6623376623374
Mont Albert,3,t,943000,10.2,3,1,1.0,248,104.6,2000,-37.82335,145.11358,3802.4193548387098
Moorabbin,3,t,920000,14.3,3,2,2.0,230,151.96764988779805,1964,-37.93793,145.04048,4000.0
Newport,3,t,950000,6.2,3,2,2.0,211,151.96764988779805,1964,-37.83712,144.86686,4502.369668246445
Reservoir,2,t,672000,12.0,2,1,1.0,243,120.0,2012,-37.71045,145.0018,2765.432098765432
South Kingsville,3,t,730000,6.2,3,2,2.0,340,135.0,2000,-37.83172,144.86683,2147.0588235294117
Coburg,2,t,631000,6.7,2,2,1.0,1965,103.0,2000,-37.73615,144.97455,321.11959287531806
Doncaster East,4,t,1175000,14.3,4,2,2.0,723,235.0,2009,-37.79545,145.15372,1625.1728907330566
Donvale,3,t,1171000,16.1,3,2,2.0,247,151.96764988779805,1964,-37.79056,145.17512,4740.890688259109
Essendon,4,t,1185000,7.5,4,3,1.0,205,168.0,2010,-37.74588,144.927,5780.487804878048
Fawkner,2,t,515000,13.1,2,1,2.0,177,84.0,2013,-37.70982,144.96397,2909.6045197740114
Glen Iris,3,t,1160000,7.3,3,2,2.0,203,151.96764988779805,1964,-37.86248,145.06682,5714.285714285715
Maidstone,3,t,722000,6.4,3,2,2.0,147,125.0,2015,-37.78538,144.87959,4911.56462585034
Mentone,3,t,840000,20.0,3,2,2.0,163,154.0,2012,-37.97459,145.06937,5153.374233128834
Mulgrave,3,t,650000,18.8,3,2,1.0,145,129.0,2015,-37.93211,145.18955,4482.758620689655
Newport,4,t,940000,6.2,4,2,2.0,510,196.0,2016,-37.84815,144.86866,1843.137254901961
Pascoe Vale,3,t,676000,8.5,3,2,2.0,122,108.0,2012,-37.72304,144.92864,5540.983606557377
Pascoe Vale,2,t,500000,8.5,2,2,1.0,74,187.8,2011,-37.72184,144.92969,6756.756756756757
Windsor,3,t,1525000,4.6,3,2,2.0,150,151.96764988779805,1964,-37.8567,144.99665,10166.666666666666
Glen Iris,2,t,965000,7.3,2,2,1.0,704,151.96764988779805,1964,-37.85698,145.04686,1370.7386363636363
Glen Waverley,4,t,1170000,16.7,4,3,2.0,725,129.6,1936,-37.89868,145.14635,1613.7931034482758
Mentone,3,t,875000,20.0,3,2,2.0,165,19.0,1975,-37.97904,145.06385,5303.030303030303
Murrumbeena,3,t,922000,10.1,3,2,2.0,219,151.96764988779805,1964,-37.90584,145.06169,4210.045662100457
other,3,t,420000,25.5,3,2,2.0,167,151.96764988779805,1964,-37.60949,145.0382,2514.9700598802397
Armadale,3,t,1715000,6.3,3,3,1.0,1889,141.0,1920,-37.86109,145.01994,907.8877713075701
Beaumaris,3,t,2030000,17.3,3,3,2.0,725,151.96764988779805,1964,-37.98667,145.02796,2800.0
other,4,t,1830000,27.0,4,3,2.0,353,222.0,2004,-38.06189,145.11766,5184.1359773371105
Brighton,3,t,1960000,10.5,3,2,2.0,709,36.0,1960,-37.91414,145.00527,2764.456981664316
Brunswick,2,t,640000,5.2,2,1,1.0,82,2.0,1968,-37.77761,144.96832,7804.878048780488
Carnegie,2,t,850000,10.1,2,2,1.0,117,101.0,2007,-37.88592,145.04781,7264.957264957265
Coburg,3,t,880000,6.7,3,1,1.0,771,104.0,2004,-37.74701,144.96369,1141.3748378728924
Collingwood,2,t,931000,2.0,2,1,1.0,109,90.0,2001,-37.79737,144.98492,8541.284403669724
Doncaster,3,t,751000,12.4,3,2,1.0,170,139.0,2010,-37.78267,145.14278,4417.64705882353
Essendon,3,t,770000,7.5,3,1,1.0,116,132.6,2001,-37.73899,144.89291,6637.931034482759
Glen Iris,2,t,965000,7.3,2,2,1.0,704,151.96764988779805,1964,-37.85698,145.04686,1370.7386363636363
Glen Iris,3,t,1333000,7.3,3,2,1.0,344,151.96764988779805,1964,-37.85289,145.0944,3875.0
Hampton East,2,t,875000,13.8,2,1,1.0,234,151.96764988779805,1964,-37.93522,145.02837,3739.3162393162393
Malvern,4,t,2750000,5.9,4,2,3.0,357,270.0,2015,-37.84684,145.03893,7703.0812324929975
Mentone,3,t,995000,20.0,3,3,2.0,248,166.0,2011,-37.98087,145.06024,4012.0967741935483
Mentone,3,t,792000,20.0,3,2,2.0,156,151.96764988779805,1964,-37.97928,145.0763,5076.923076923077
Mill Park,4,t,492000,17.9,4,1,1.0,199,151.96764988779805,1964,-37.677,145.05658,2472.361809045226
Mont Albert,3,t,1580000,10.2,3,2,2.0,1153,151.96764988779805,1964,-37.82055,145.11169,1370.3382480485689
Richmond,3,t,1500000,2.4,3,2,2.0,72,145.0,2011,-37.81937,145.00146,20833.333333333332
West Melbourne,3,t,1500000,3.1,3,2,1.0,862,209.0,1920,-37.80947,144.94473,1740.139211136891
Bentleigh East,3,t,1280000,13.8,3,2,2.0,335,239.0,2013,-37.91783,145.0816,3820.89552238806
Blackburn,3,t,881000,13.4,3,1,1.0,300,151.96764988779805,1964,-37.81156,145.14057,2936.6666666666665
other,2,t,625000,16.1,2,2,1.0,189,151.96764988779805,1964,-37.70835,145.11795,3306.878306878307
Cheltenham,2,t,955000,17.9,2,2,1.0,836,112.0,2009,-37.97342,145.07201,1142.3444976076555
Fitzroy,1,t,580000,2.1,1,1,1.0,782,67.0,1998,-37.79617,144.97982,741.6879795396419
Flemington,3,t,1017500,3.4,3,2,2.0,459,153.0,2003,-37.78273,144.92358,2216.7755991285403
Kensington,2,t,841000,3.4,2,1,1.0,105,108.0,2005,-37.79244,144.92036,8009.523809523809
other,3,t,1125000,11.4,3,2,2.0,305,151.96764988779805,1964,-37.90734,145.03438,3688.5245901639346
Mentone,3,t,881000,20.0,3,2,1.0,332,151.96764988779805,1964,-37.98001,145.07457,2653.614457831325
Niddrie,3,t,1150000,10.4,3,2,1.0,317,210.0,2012,-37.74103,144.8851,3627.7602523659307
Pascoe Vale,2,t,585500,8.5,2,1,1.0,100,105.0,2012,-37.7249,144.9474,5855.0
Ascot Vale,3,t,1130000,4.3,3,2,1.0,231,151.96764988779805,1964,-37.77373,144.9311,4891.774891774891
Cheltenham,3,t,795000,17.9,3,2,2.0,138,137.0,2013,-37.95656,145.06926,5760.869565217391
Hampton,4,t,2000000,13.8,4,3,2.0,360,275.0,2010,-37.937,145.01169,5555.555555555556
Kew,2,t,955000,5.4,2,1,1.0,2835,100.0,1970,-37.81439,145.04237,336.86067019400355
Oak Park,3,t,763000,11.2,3,2,2.0,220,151.96764988779805,1964,-37.71467,144.91997,3468.181818181818
Ormond,3,t,1060000,11.4,3,2,2.0,1606,151.96764988779805,1964,-37.9027,145.04159,660.0249066002491
Prahran,3,t,1463000,4.6,3,2,2.0,15,147.0,1998,-37.84969,145.00057,97533.33333333333
Sandringham,4,t,1050000,15.2,4,2,1.0,173,184.0,2010,-37.94723,145.02268,6069.364161849711
South Melbourne,2,t,817000,1.9,2,2,1.0,336,151.96764988779805,1964,-37.83401,144.96654,2431.5476190476193
other,2,t,401000,25.5,2,1,1.0,115,151.96764988779805,1964,-37.61379,145.03296,3486.9565217391305
Ashburton,4,t,1650000,10.2,4,2,1.0,338,200.0,2005,-37.86058,145.08542,4881.656804733728
Bentleigh East,4,t,1130000,13.8,4,2,2.0,270,183.0,2012,-37.90866,145.07533,4185.185185185185
Brunswick East,3,t,959000,4.0,3,2,1.0,138,122.0,1998,-37.76292,144.97975,6949.275362318841
Coburg,2,t,770000,6.7,2,1,1.0,600,151.96764988779805,1964,-37.75356,144.9497,1283.3333333333333
Gowanbrae,4,t,655000,12.9,4,3,2.0,170,215.0,2017,-37.70128,144.90187,3852.9411764705883
other,4,t,1655000,11.4,4,2,2.0,361,151.96764988779805,1964,-37.91406,145.04865,4584.487534626039
Mount Waverley,3,t,1035000,14.2,3,2,2.0,236,138.0,2006,-37.88678,145.12748,4385.593220338983
Reservoir,3,t,640000,12.0,3,1,1.0,224,128.0,2008,-37.71289,145.01967,2857.1428571428573
